{
  "mae": 0.07979258277283982,
  "rmse": 0.8432350819635691,
  "accuracy": 0.9682397451214656,
  "threshold": 0.1,
  "num_samples": 10044
}