{
  "mae": 0.07040443051873833,
  "rmse": 0.8568132667757775,
  "accuracy": 0.9765033851055357,
  "threshold": 0.1,
  "num_samples": 10044
}