2026-02-12 21:37:08,178 - INFO - Loaded 48 days with 1629 rainy slots
2026-02-12 21:37:08,182 - INFO - Found credentials in environment variables.
2026-02-12 21:37:08,225 - INFO - 
[1/48] Processing 2025-10-11 (9 slots, 19.0mm)
2026-02-12 21:37:08,861 - INFO -   2025-10-11: processed=0, skipped=9, time=0.6s
2026-02-12 21:37:08,861 - INFO - 
[2/48] Processing 2025-10-12 (20 slots, 293.0mm)
2026-02-12 21:37:10,757 - INFO -   2025-10-12: processed=0, skipped=0, time=1.9s
2026-02-12 21:37:10,757 - INFO - 
[3/48] Processing 2025-10-13 (18 slots, 75.4mm)
2026-02-12 21:37:11,846 - INFO -   2025-10-13: processed=0, skipped=18, time=1.1s
2026-02-12 21:37:11,846 - INFO - 
[4/48] Processing 2025-10-14 (23 slots, 58.6mm)
2026-02-12 21:37:13,117 - INFO -   2025-10-14: processed=0, skipped=23, time=1.3s
2026-02-12 21:37:13,117 - INFO - 
[5/48] Processing 2025-10-15 (50 slots, 177.0mm)
2026-02-12 21:37:15,248 - INFO -   2025-10-15: processed=0, skipped=49, time=2.1s
2026-02-12 21:37:15,249 - INFO - 
[6/48] Processing 2025-10-16 (21 slots, 541.1mm)
2026-02-12 21:37:16,372 - INFO -   2025-10-16: processed=0, skipped=20, time=1.1s
2026-02-12 21:37:16,373 - INFO - 
[7/48] Processing 2025-10-17 (42 slots, 304.5mm)
2026-02-12 21:37:18,793 - INFO -   2025-10-17: processed=0, skipped=41, time=2.4s
2026-02-12 21:37:18,793 - INFO - 
[8/48] Processing 2025-10-18 (21 slots, 185.6mm)
2026-02-12 21:37:19,957 - INFO -   2025-10-18: processed=0, skipped=21, time=1.2s
2026-02-12 21:37:19,957 - INFO - 
[9/48] Processing 2025-10-19 (26 slots, 188.6mm)
2026-02-12 21:37:21,439 - INFO -   2025-10-19: processed=0, skipped=26, time=1.5s
2026-02-12 21:37:21,440 - INFO - 
[10/48] Processing 2025-10-20 (32 slots, 22.0mm)
2026-02-12 21:37:23,512 - INFO -   2025-10-20: processed=0, skipped=32, time=2.1s
2026-02-12 21:37:23,512 - INFO - 
[11/48] Processing 2025-10-21 (9 slots, 11.6mm)
2026-02-12 21:37:23,985 - INFO -   2025-10-21: processed=0, skipped=9, time=0.5s
2026-02-12 21:37:23,985 - INFO - 
[12/48] Processing 2025-10-22 (54 slots, 593.8mm)
2026-02-12 21:37:26,942 - INFO -   2025-10-22: processed=0, skipped=53, time=3.0s
2026-02-12 21:37:26,942 - INFO - 
[13/48] Processing 2025-10-24 (25 slots, 1430.3mm)
2026-02-12 21:37:28,280 - INFO -   2025-10-24: processed=0, skipped=25, time=1.3s
2026-02-12 21:37:28,280 - INFO - 
[14/48] Processing 2025-10-25 (31 slots, 37.6mm)
2026-02-12 21:37:30,099 - INFO -   2025-10-25: processed=0, skipped=30, time=1.8s
2026-02-12 21:37:30,099 - INFO - 
[15/48] Processing 2025-10-26 (1 slots, 0.4mm)
2026-02-12 21:37:30,148 - INFO -   2025-10-26: processed=0, skipped=1, time=0.0s
2026-02-12 21:37:30,148 - INFO - 
[16/48] Processing 2025-10-27 (41 slots, 883.5mm)
2026-02-12 21:37:32,239 - INFO -   2025-10-27: processed=0, skipped=40, time=2.1s
2026-02-12 21:37:32,240 - INFO - 
[17/48] Processing 2025-10-28 (1 slots, 0.2mm)
2026-02-12 21:37:32,287 - INFO -   2025-10-28: processed=0, skipped=1, time=0.0s
2026-02-12 21:37:32,288 - INFO - 
[18/48] Processing 2025-10-29 (12 slots, 21.0mm)
2026-02-12 21:37:32,886 - INFO -   2025-10-29: processed=0, skipped=12, time=0.6s
2026-02-12 21:37:32,886 - INFO - 
[19/48] Processing 2025-11-01 (8 slots, 27.4mm)
2026-02-12 21:37:33,384 - INFO -   2025-11-01: processed=0, skipped=8, time=0.5s
2026-02-12 21:37:33,385 - INFO - 
[20/48] Processing 2025-11-02 (40 slots, 1241.7mm)
2026-02-12 21:37:35,173 - INFO -   2025-11-02: processed=0, skipped=39, time=1.8s
2026-02-12 21:37:35,174 - INFO - 
[21/48] Processing 2025-11-03 (23 slots, 296.2mm)
2026-02-12 21:37:56,983 - INFO -     ⬇️  Downloaded NC_H08_20251103_0550_R21_FLDK.07001_06001.nc (658MB) in 21.7s
2026-02-12 21:37:57,143 - INFO -     ✂️  Cropped to (64, 64) in 0.2s → NC_H08_20251103_0550_R21_FLDK.07001_06001.npy
2026-02-12 21:37:57,191 - INFO -     ⬆️  Uploaded .npy to S3 in 0.0s
2026-02-12 21:37:57,205 - INFO -     🗑️  Deleted raw .nc
2026-02-12 21:38:19,832 - INFO -     ⬇️  Downloaded NC_H08_20251103_0640_R21_FLDK.07001_06001.nc (634MB) in 22.6s
2026-02-12 21:38:19,856 - INFO -     ✂️  Cropped to (64, 64) in 0.0s → NC_H08_20251103_0640_R21_FLDK.07001_06001.npy
2026-02-12 21:38:20,039 - INFO -     ⬆️  Uploaded .npy to S3 in 0.2s
2026-02-12 21:38:20,045 - INFO -     🗑️  Deleted raw .nc
2026-02-12 21:38:40,073 - INFO -     ⬇️  Downloaded NC_H08_20251103_0650_R21_FLDK.07001_06001.nc (630MB) in 19.9s
2026-02-12 21:38:40,094 - INFO -     ✂️  Cropped to (64, 64) in 0.0s → NC_H08_20251103_0650_R21_FLDK.07001_06001.npy
2026-02-12 21:38:40,192 - INFO -     ⬆️  Uploaded .npy to S3 in 0.1s
2026-02-12 21:38:40,200 - INFO -     🗑️  Deleted raw .nc
2026-02-12 21:39:06,126 - INFO -     ⬇️  Downloaded NC_H08_20251103_0700_R21_FLDK.07001_06001.nc (625MB) in 25.8s
2026-02-12 21:39:06,144 - INFO -     ✂️  Cropped to (64, 64) in 0.0s → NC_H08_20251103_0700_R21_FLDK.07001_06001.npy
2026-02-12 21:39:06,203 - INFO -     ⬆️  Uploaded .npy to S3 in 0.1s
2026-02-12 21:39:06,212 - INFO -     🗑️  Deleted raw .nc
2026-02-12 21:39:34,026 - INFO -     ⬇️  Downloaded NC_H08_20251103_0710_R21_FLDK.07001_06001.nc (620MB) in 27.7s
2026-02-12 21:39:34,049 - INFO -     ✂️  Cropped to (64, 64) in 0.0s → NC_H08_20251103_0710_R21_FLDK.07001_06001.npy
2026-02-12 21:39:34,103 - INFO -     ⬆️  Uploaded .npy to S3 in 0.1s
2026-02-12 21:39:34,110 - INFO -     🗑️  Deleted raw .nc
2026-02-12 21:39:54,281 - INFO -     ⬇️  Downloaded NC_H08_20251103_0720_R21_FLDK.07001_06001.nc (616MB) in 20.1s
2026-02-12 21:39:54,301 - INFO -     ✂️  Cropped to (64, 64) in 0.0s → NC_H08_20251103_0720_R21_FLDK.07001_06001.npy
2026-02-12 21:39:54,369 - INFO -     ⬆️  Uploaded .npy to S3 in 0.1s
2026-02-12 21:39:54,377 - INFO -     🗑️  Deleted raw .nc
2026-02-12 21:40:17,260 - INFO -     ⬇️  Downloaded NC_H08_20251103_0730_R21_FLDK.07001_06001.nc (611MB) in 22.8s
2026-02-12 21:40:17,287 - INFO -     ✂️  Cropped to (64, 64) in 0.0s → NC_H08_20251103_0730_R21_FLDK.07001_06001.npy
2026-02-12 21:40:17,385 - INFO -     ⬆️  Uploaded .npy to S3 in 0.1s
2026-02-12 21:40:17,394 - INFO -     🗑️  Deleted raw .nc
2026-02-12 21:40:40,923 - INFO -     ⬇️  Downloaded NC_H08_20251103_0740_R21_FLDK.07001_06001.nc (606MB) in 23.4s
2026-02-12 21:40:40,959 - INFO -     ✂️  Cropped to (64, 64) in 0.0s → NC_H08_20251103_0740_R21_FLDK.07001_06001.npy
2026-02-12 21:40:41,012 - INFO -     ⬆️  Uploaded .npy to S3 in 0.1s
2026-02-12 21:40:41,020 - INFO -     🗑️  Deleted raw .nc
2026-02-12 21:41:02,120 - INFO -     ⬇️  Downloaded NC_H08_20251103_0750_R21_FLDK.07001_06001.nc (601MB) in 21.0s
2026-02-12 21:41:02,137 - INFO -     ✂️  Cropped to (64, 64) in 0.0s → NC_H08_20251103_0750_R21_FLDK.07001_06001.npy
2026-02-12 21:41:02,202 - INFO -     ⬆️  Uploaded .npy to S3 in 0.1s
2026-02-12 21:41:02,209 - INFO -     🗑️  Deleted raw .nc
2026-02-12 21:41:24,540 - INFO -     ⬇️  Downloaded NC_H08_20251103_0800_R21_FLDK.07001_06001.nc (597MB) in 22.2s
2026-02-12 21:41:24,561 - INFO -     ✂️  Cropped to (64, 64) in 0.0s → NC_H08_20251103_0800_R21_FLDK.07001_06001.npy
2026-02-12 21:41:24,636 - INFO -     ⬆️  Uploaded .npy to S3 in 0.1s
2026-02-12 21:41:24,643 - INFO -     🗑️  Deleted raw .nc
2026-02-12 21:41:47,509 - INFO -     ⬇️  Downloaded NC_H08_20251103_0810_R21_FLDK.07001_06001.nc (592MB) in 22.8s
2026-02-12 21:41:47,535 - INFO -     ✂️  Cropped to (64, 64) in 0.0s → NC_H08_20251103_0810_R21_FLDK.07001_06001.npy
2026-02-12 21:41:47,643 - INFO -     ⬆️  Uploaded .npy to S3 in 0.1s
2026-02-12 21:41:47,650 - INFO -     🗑️  Deleted raw .nc
2026-02-12 21:42:09,208 - INFO -     ⬇️  Downloaded NC_H08_20251103_0820_R21_FLDK.07001_06001.nc (587MB) in 21.5s
2026-02-12 21:42:09,226 - INFO -     ✂️  Cropped to (64, 64) in 0.0s → NC_H08_20251103_0820_R21_FLDK.07001_06001.npy
2026-02-12 21:42:09,297 - INFO -     ⬆️  Uploaded .npy to S3 in 0.1s
2026-02-12 21:42:09,304 - INFO -     🗑️  Deleted raw .nc
2026-02-12 21:42:28,105 - INFO -     ⬇️  Downloaded NC_H08_20251103_0830_R21_FLDK.07001_06001.nc (583MB) in 18.7s
2026-02-12 21:42:28,123 - INFO -     ✂️  Cropped to (64, 64) in 0.0s → NC_H08_20251103_0830_R21_FLDK.07001_06001.npy
2026-02-12 21:42:28,181 - INFO -     ⬆️  Uploaded .npy to S3 in 0.1s
2026-02-12 21:42:28,188 - INFO -     🗑️  Deleted raw .nc
2026-02-12 21:42:47,740 - INFO -     ⬇️  Downloaded NC_H08_20251103_0840_R21_FLDK.07001_06001.nc (578MB) in 19.5s
2026-02-12 21:42:47,764 - INFO -     ✂️  Cropped to (64, 64) in 0.0s → NC_H08_20251103_0840_R21_FLDK.07001_06001.npy
2026-02-12 21:42:47,812 - INFO -     ⬆️  Uploaded .npy to S3 in 0.0s
2026-02-12 21:42:47,819 - INFO -     🗑️  Deleted raw .nc
2026-02-12 21:43:08,408 - INFO -     ⬇️  Downloaded NC_H08_20251103_0850_R21_FLDK.07001_06001.nc (574MB) in 20.5s
2026-02-12 21:43:08,425 - INFO -     ✂️  Cropped to (64, 64) in 0.0s → NC_H08_20251103_0850_R21_FLDK.07001_06001.npy
2026-02-12 21:43:08,475 - INFO -     ⬆️  Uploaded .npy to S3 in 0.1s
2026-02-12 21:43:08,483 - INFO -     🗑️  Deleted raw .nc
2026-02-12 21:43:26,706 - INFO -     ⬇️  Downloaded NC_H08_20251103_0900_R21_FLDK.07001_06001.nc (570MB) in 18.1s
2026-02-12 21:43:26,724 - INFO -     ✂️  Cropped to (64, 64) in 0.0s → NC_H08_20251103_0900_R21_FLDK.07001_06001.npy
2026-02-12 21:43:26,782 - INFO -     ⬆️  Uploaded .npy to S3 in 0.1s
2026-02-12 21:43:26,788 - INFO -     🗑️  Deleted raw .nc
2026-02-12 21:43:48,193 - INFO -     ⬇️  Downloaded NC_H08_20251103_0910_R21_FLDK.07001_06001.nc (565MB) in 21.3s
2026-02-12 21:43:48,218 - INFO -     ✂️  Cropped to (64, 64) in 0.0s → NC_H08_20251103_0910_R21_FLDK.07001_06001.npy
2026-02-12 21:43:48,278 - INFO -     ⬆️  Uploaded .npy to S3 in 0.1s
2026-02-12 21:43:48,286 - INFO -     🗑️  Deleted raw .nc
2026-02-12 21:44:07,848 - INFO -     ⬇️  Downloaded NC_H08_20251103_0920_R21_FLDK.07001_06001.nc (562MB) in 19.5s
2026-02-12 21:44:07,866 - INFO -     ✂️  Cropped to (64, 64) in 0.0s → NC_H08_20251103_0920_R21_FLDK.07001_06001.npy
2026-02-12 21:44:08,014 - INFO -     ⬆️  Uploaded .npy to S3 in 0.1s
2026-02-12 21:44:08,022 - INFO -     🗑️  Deleted raw .nc
2026-02-12 21:44:27,377 - INFO -     ⬇️  Downloaded NC_H08_20251103_0950_R21_FLDK.07001_06001.nc (549MB) in 19.3s
2026-02-12 21:44:27,396 - INFO -     ✂️  Cropped to (64, 64) in 0.0s → NC_H08_20251103_0950_R21_FLDK.07001_06001.npy
2026-02-12 21:44:27,447 - INFO -     ⬆️  Uploaded .npy to S3 in 0.1s
2026-02-12 21:44:27,453 - INFO -     🗑️  Deleted raw .nc
2026-02-12 21:44:45,906 - INFO -     ⬇️  Downloaded NC_H08_20251103_1000_R21_FLDK.07001_06001.nc (545MB) in 18.4s
2026-02-12 21:44:45,933 - INFO -     ✂️  Cropped to (64, 64) in 0.0s → NC_H08_20251103_1000_R21_FLDK.07001_06001.npy
2026-02-12 21:44:45,995 - INFO -     ⬆️  Uploaded .npy to S3 in 0.1s
2026-02-12 21:44:46,002 - INFO -     🗑️  Deleted raw .nc
2026-02-12 21:45:07,520 - INFO -     ⬇️  Downloaded NC_H08_20251103_1020_R21_FLDK.07001_06001.nc (536MB) in 21.4s
2026-02-12 21:45:07,538 - INFO -     ✂️  Cropped to (64, 64) in 0.0s → NC_H08_20251103_1020_R21_FLDK.07001_06001.npy
2026-02-12 21:45:07,709 - INFO -     ⬆️  Uploaded .npy to S3 in 0.2s
2026-02-12 21:45:07,717 - INFO -     🗑️  Deleted raw .nc
2026-02-12 21:45:28,037 - INFO -     ⬇️  Downloaded NC_H08_20251103_1030_R21_FLDK.07001_06001.nc (531MB) in 20.2s
2026-02-12 21:45:28,056 - INFO -     ✂️  Cropped to (64, 64) in 0.0s → NC_H08_20251103_1030_R21_FLDK.07001_06001.npy
2026-02-12 21:45:28,118 - INFO -     ⬆️  Uploaded .npy to S3 in 0.1s
2026-02-12 21:45:28,125 - INFO -     🗑️  Deleted raw .nc
2026-02-12 21:45:28,125 - INFO -   2025-11-03: processed=22, skipped=1, time=473.0s
2026-02-12 21:45:28,125 - INFO - 
[22/48] Processing 2025-11-04 (12 slots, 22.5mm)
2026-02-12 21:45:43,658 - INFO -     ⬇️  Downloaded NC_H08_20251104_1230_R21_FLDK.07001_06001.nc (478MB) in 15.4s
2026-02-12 21:45:43,688 - INFO -     ✂️  Cropped to (64, 64) in 0.0s → NC_H08_20251104_1230_R21_FLDK.07001_06001.npy
2026-02-12 21:45:43,741 - INFO -     ⬆️  Uploaded .npy to S3 in 0.1s
2026-02-12 21:45:43,749 - INFO -     🗑️  Deleted raw .nc
2026-02-12 21:45:59,251 - INFO -     ⬇️  Downloaded NC_H08_20251104_1240_R21_FLDK.07001_06001.nc (476MB) in 15.4s
2026-02-12 21:45:59,270 - INFO -     ✂️  Cropped to (64, 64) in 0.0s → NC_H08_20251104_1240_R21_FLDK.07001_06001.npy
2026-02-12 21:45:59,330 - INFO -     ⬆️  Uploaded .npy to S3 in 0.1s
2026-02-12 21:45:59,335 - INFO -     🗑️  Deleted raw .nc
2026-02-12 21:46:16,086 - INFO -     ⬇️  Downloaded NC_H08_20251104_1250_R21_FLDK.07001_06001.nc (473MB) in 16.7s
2026-02-12 21:46:16,113 - INFO -     ✂️  Cropped to (64, 64) in 0.0s → NC_H08_20251104_1250_R21_FLDK.07001_06001.npy
2026-02-12 21:46:16,224 - INFO -     ⬆️  Uploaded .npy to S3 in 0.1s
2026-02-12 21:46:16,231 - INFO -     🗑️  Deleted raw .nc
2026-02-12 21:46:31,954 - INFO -     ⬇️  Downloaded NC_H08_20251104_1300_R21_FLDK.07001_06001.nc (472MB) in 15.6s
2026-02-12 21:46:31,973 - INFO -     ✂️  Cropped to (64, 64) in 0.0s → NC_H08_20251104_1300_R21_FLDK.07001_06001.npy
2026-02-12 21:46:32,074 - INFO -     ⬆️  Uploaded .npy to S3 in 0.1s
2026-02-12 21:46:32,081 - INFO -     🗑️  Deleted raw .nc
2026-02-12 21:46:49,597 - INFO -     ⬇️  Downloaded NC_H08_20251104_1310_R21_FLDK.07001_06001.nc (472MB) in 17.4s
2026-02-12 21:46:49,621 - INFO -     ✂️  Cropped to (64, 64) in 0.0s → NC_H08_20251104_1310_R21_FLDK.07001_06001.npy
2026-02-12 21:46:49,666 - INFO -     ⬆️  Uploaded .npy to S3 in 0.0s
2026-02-12 21:46:49,673 - INFO -     🗑️  Deleted raw .nc
2026-02-12 21:47:07,557 - INFO -     ⬇️  Downloaded NC_H08_20251104_1410_R21_FLDK.07001_06001.nc (485MB) in 17.8s
2026-02-12 21:47:07,576 - INFO -     ✂️  Cropped to (64, 64) in 0.0s → NC_H08_20251104_1410_R21_FLDK.07001_06001.npy
2026-02-12 21:47:07,738 - INFO -     ⬆️  Uploaded .npy to S3 in 0.2s
2026-02-12 21:47:07,747 - INFO -     🗑️  Deleted raw .nc
2026-02-12 21:47:26,362 - INFO -     ⬇️  Downloaded NC_H08_20251104_1430_R21_FLDK.07001_06001.nc (483MB) in 18.5s
2026-02-12 21:47:26,382 - INFO -     ✂️  Cropped to (64, 64) in 0.0s → NC_H08_20251104_1430_R21_FLDK.07001_06001.npy
2026-02-12 21:47:26,457 - INFO -     ⬆️  Uploaded .npy to S3 in 0.1s
2026-02-12 21:47:26,464 - INFO -     🗑️  Deleted raw .nc
2026-02-12 21:47:42,666 - INFO -     ⬇️  Downloaded NC_H08_20251104_1500_R21_FLDK.07001_06001.nc (459MB) in 16.0s
2026-02-12 21:47:42,684 - INFO -     ✂️  Cropped to (64, 64) in 0.0s → NC_H08_20251104_1500_R21_FLDK.07001_06001.npy
2026-02-12 21:47:42,753 - INFO -     ⬆️  Uploaded .npy to S3 in 0.1s
2026-02-12 21:47:42,760 - INFO -     🗑️  Deleted raw .nc
2026-02-12 21:47:58,826 - INFO -     ⬇️  Downloaded NC_H08_20251104_1510_R21_FLDK.07001_06001.nc (464MB) in 16.0s
2026-02-12 21:47:58,845 - INFO -     ✂️  Cropped to (64, 64) in 0.0s → NC_H08_20251104_1510_R21_FLDK.07001_06001.npy
2026-02-12 21:47:58,897 - INFO -     ⬆️  Uploaded .npy to S3 in 0.1s
2026-02-12 21:47:58,903 - INFO -     🗑️  Deleted raw .nc
2026-02-12 21:48:15,926 - INFO -     ⬇️  Downloaded NC_H08_20251104_1520_R21_FLDK.07001_06001.nc (465MB) in 16.9s
2026-02-12 21:48:15,953 - INFO -     ✂️  Cropped to (64, 64) in 0.0s → NC_H08_20251104_1520_R21_FLDK.07001_06001.npy
2026-02-12 21:48:16,010 - INFO -     ⬆️  Uploaded .npy to S3 in 0.1s
2026-02-12 21:48:16,017 - INFO -     🗑️  Deleted raw .nc
2026-02-12 21:48:31,203 - INFO -     ⬇️  Downloaded NC_H08_20251104_1530_R21_FLDK.07001_06001.nc (467MB) in 15.1s
2026-02-12 21:48:31,223 - INFO -     ✂️  Cropped to (64, 64) in 0.0s → NC_H08_20251104_1530_R21_FLDK.07001_06001.npy
2026-02-12 21:48:31,284 - INFO -     ⬆️  Uploaded .npy to S3 in 0.1s
2026-02-12 21:48:31,289 - INFO -     🗑️  Deleted raw .nc
2026-02-12 21:48:31,289 - INFO -   2025-11-04: processed=11, skipped=0, time=183.2s
2026-02-12 21:48:31,289 - INFO - 
[23/48] Processing 2025-11-05 (1 slots, 0.2mm)
2026-02-12 21:48:54,481 - INFO -     ⬇️  Downloaded NC_H08_20251105_0010_R21_FLDK.07001_06001.nc (696MB) in 23.1s
2026-02-12 21:48:54,501 - INFO -     ✂️  Cropped to (64, 64) in 0.0s → NC_H08_20251105_0010_R21_FLDK.07001_06001.npy
2026-02-12 21:48:54,552 - INFO -     ⬆️  Uploaded .npy to S3 in 0.1s
2026-02-12 21:48:54,559 - INFO -     🗑️  Deleted raw .nc
2026-02-12 21:48:54,559 - INFO -   2025-11-05: processed=1, skipped=0, time=23.3s
2026-02-12 21:48:54,559 - INFO - 
[24/48] Processing 2025-11-07 (20 slots, 21.6mm)
2026-02-12 21:49:20,685 - INFO -     ⬇️  Downloaded NC_H08_20251107_0340_R21_FLDK.07001_06001.nc (708MB) in 26.0s
2026-02-12 21:49:20,710 - INFO -     ✂️  Cropped to (64, 64) in 0.0s → NC_H08_20251107_0340_R21_FLDK.07001_06001.npy
2026-02-12 21:49:20,927 - INFO -     ⬆️  Uploaded .npy to S3 in 0.2s
2026-02-12 21:49:20,940 - INFO -     🗑️  Deleted raw .nc
2026-02-12 21:49:46,037 - INFO -     ⬇️  Downloaded NC_H08_20251107_0410_R21_FLDK.07001_06001.nc (701MB) in 25.0s
2026-02-12 21:49:46,070 - INFO -     ✂️  Cropped to (64, 64) in 0.0s → NC_H08_20251107_0410_R21_FLDK.07001_06001.npy
2026-02-12 21:49:46,135 - INFO -     ⬆️  Uploaded .npy to S3 in 0.1s
2026-02-12 21:49:46,146 - INFO -     🗑️  Deleted raw .nc
2026-02-12 21:50:11,010 - INFO -     ⬇️  Downloaded NC_H08_20251107_0420_R21_FLDK.07001_06001.nc (698MB) in 24.8s
2026-02-12 21:50:11,034 - INFO -     ✂️  Cropped to (64, 64) in 0.0s → NC_H08_20251107_0420_R21_FLDK.07001_06001.npy
2026-02-12 21:50:11,190 - INFO -     ⬆️  Uploaded .npy to S3 in 0.2s
2026-02-12 21:50:11,197 - INFO -     🗑️  Deleted raw .nc
2026-02-12 21:50:33,094 - INFO -     ⬇️  Downloaded NC_H08_20251107_0430_R21_FLDK.07001_06001.nc (694MB) in 21.8s
2026-02-12 21:50:33,113 - INFO -     ✂️  Cropped to (64, 64) in 0.0s → NC_H08_20251107_0430_R21_FLDK.07001_06001.npy
2026-02-12 21:50:33,165 - INFO -     ⬆️  Uploaded .npy to S3 in 0.1s
2026-02-12 21:50:33,174 - INFO -     🗑️  Deleted raw .nc
2026-02-12 21:50:56,792 - INFO -     ⬇️  Downloaded NC_H08_20251107_0440_R21_FLDK.07001_06001.nc (691MB) in 23.5s
2026-02-12 21:50:56,812 - INFO -     ✂️  Cropped to (64, 64) in 0.0s → NC_H08_20251107_0440_R21_FLDK.07001_06001.npy
2026-02-12 21:50:56,861 - INFO -     ⬆️  Uploaded .npy to S3 in 0.0s
2026-02-12 21:50:56,871 - INFO -     🗑️  Deleted raw .nc
2026-02-12 21:51:25,512 - INFO -     ⬇️  Downloaded NC_H08_20251107_0450_R21_FLDK.07001_06001.nc (687MB) in 28.6s
2026-02-12 21:51:25,532 - INFO -     ✂️  Cropped to (64, 64) in 0.0s → NC_H08_20251107_0450_R21_FLDK.07001_06001.npy
2026-02-12 21:51:25,596 - INFO -     ⬆️  Uploaded .npy to S3 in 0.1s
2026-02-12 21:51:25,605 - INFO -     🗑️  Deleted raw .nc
2026-02-12 21:51:50,047 - INFO -     ⬇️  Downloaded NC_H08_20251107_0500_R21_FLDK.07001_06001.nc (682MB) in 24.3s
2026-02-12 21:51:50,071 - INFO -     ✂️  Cropped to (64, 64) in 0.0s → NC_H08_20251107_0500_R21_FLDK.07001_06001.npy
2026-02-12 21:51:50,128 - INFO -     ⬆️  Uploaded .npy to S3 in 0.1s
2026-02-12 21:51:50,139 - INFO -     🗑️  Deleted raw .nc
2026-02-12 21:52:12,914 - INFO -     ⬇️  Downloaded NC_H08_20251107_0510_R21_FLDK.07001_06001.nc (678MB) in 22.7s
2026-02-12 21:52:12,946 - INFO -     ✂️  Cropped to (64, 64) in 0.0s → NC_H08_20251107_0510_R21_FLDK.07001_06001.npy
2026-02-12 21:52:13,116 - INFO -     ⬆️  Uploaded .npy to S3 in 0.2s
2026-02-12 21:52:13,125 - INFO -     🗑️  Deleted raw .nc
2026-02-12 21:52:36,064 - INFO -     ⬇️  Downloaded NC_H08_20251107_0530_R21_FLDK.07001_06001.nc (669MB) in 22.9s
2026-02-12 21:52:36,082 - INFO -     ✂️  Cropped to (64, 64) in 0.0s → NC_H08_20251107_0530_R21_FLDK.07001_06001.npy
2026-02-12 21:52:36,139 - INFO -     ⬆️  Uploaded .npy to S3 in 0.1s
2026-02-12 21:52:36,145 - INFO -     🗑️  Deleted raw .nc
2026-02-12 21:52:58,734 - INFO -     ⬇️  Downloaded NC_H08_20251107_0540_R21_FLDK.07001_06001.nc (664MB) in 22.5s
2026-02-12 21:52:58,752 - INFO -     ✂️  Cropped to (64, 64) in 0.0s → NC_H08_20251107_0540_R21_FLDK.07001_06001.npy
2026-02-12 21:52:58,805 - INFO -     ⬆️  Uploaded .npy to S3 in 0.1s
2026-02-12 21:52:58,813 - INFO -     🗑️  Deleted raw .nc
2026-02-12 21:53:21,302 - INFO -     ⬇️  Downloaded NC_H08_20251107_0550_R21_FLDK.07001_06001.nc (659MB) in 22.4s
2026-02-12 21:53:21,324 - INFO -     ✂️  Cropped to (64, 64) in 0.0s → NC_H08_20251107_0550_R21_FLDK.07001_06001.npy
2026-02-12 21:53:21,381 - INFO -     ⬆️  Uploaded .npy to S3 in 0.1s
2026-02-12 21:53:21,390 - INFO -     🗑️  Deleted raw .nc
2026-02-12 21:53:42,788 - INFO -     ⬇️  Downloaded NC_H08_20251107_0600_R21_FLDK.07001_06001.nc (654MB) in 21.3s
2026-02-12 21:53:42,819 - INFO -     ✂️  Cropped to (64, 64) in 0.0s → NC_H08_20251107_0600_R21_FLDK.07001_06001.npy
2026-02-12 21:53:42,904 - INFO -     ⬆️  Uploaded .npy to S3 in 0.1s
2026-02-12 21:53:42,913 - INFO -     🗑️  Deleted raw .nc
2026-02-12 21:54:03,391 - INFO -     ⬇️  Downloaded NC_H08_20251107_0650_R21_FLDK.07001_06001.nc (630MB) in 20.4s
2026-02-12 21:54:03,409 - INFO -     ✂️  Cropped to (64, 64) in 0.0s → NC_H08_20251107_0650_R21_FLDK.07001_06001.npy
2026-02-12 21:54:03,470 - INFO -     ⬆️  Uploaded .npy to S3 in 0.1s
2026-02-12 21:54:03,476 - INFO -     🗑️  Deleted raw .nc
2026-02-12 21:54:23,962 - INFO -     ⬇️  Downloaded NC_H08_20251107_0700_R21_FLDK.07001_06001.nc (625MB) in 20.4s
2026-02-12 21:54:23,982 - INFO -     ✂️  Cropped to (64, 64) in 0.0s → NC_H08_20251107_0700_R21_FLDK.07001_06001.npy
2026-02-12 21:54:24,040 - INFO -     ⬆️  Uploaded .npy to S3 in 0.1s
2026-02-12 21:54:24,048 - INFO -     🗑️  Deleted raw .nc
2026-02-12 21:54:45,629 - INFO -     ⬇️  Downloaded NC_H08_20251107_0710_R21_FLDK.07001_06001.nc (620MB) in 21.5s
2026-02-12 21:54:45,658 - INFO -     ✂️  Cropped to (64, 64) in 0.0s → NC_H08_20251107_0710_R21_FLDK.07001_06001.npy
2026-02-12 21:54:45,710 - INFO -     ⬆️  Uploaded .npy to S3 in 0.1s
2026-02-12 21:54:45,718 - INFO -     🗑️  Deleted raw .nc
2026-02-12 21:55:07,865 - INFO -     ⬇️  Downloaded NC_H08_20251107_0720_R21_FLDK.07001_06001.nc (616MB) in 22.1s
2026-02-12 21:55:07,883 - INFO -     ✂️  Cropped to (64, 64) in 0.0s → NC_H08_20251107_0720_R21_FLDK.07001_06001.npy
2026-02-12 21:55:07,933 - INFO -     ⬆️  Uploaded .npy to S3 in 0.1s
2026-02-12 21:55:07,939 - INFO -     🗑️  Deleted raw .nc
2026-02-12 21:55:27,966 - INFO -     ⬇️  Downloaded NC_H08_20251107_0730_R21_FLDK.07001_06001.nc (611MB) in 19.9s
2026-02-12 21:55:27,984 - INFO -     ✂️  Cropped to (64, 64) in 0.0s → NC_H08_20251107_0730_R21_FLDK.07001_06001.npy
2026-02-12 21:55:28,036 - INFO -     ⬆️  Uploaded .npy to S3 in 0.1s
2026-02-12 21:55:28,043 - INFO -     🗑️  Deleted raw .nc
2026-02-12 21:55:50,196 - INFO -     ⬇️  Downloaded NC_H08_20251107_0800_R21_FLDK.07001_06001.nc (597MB) in 22.1s
2026-02-12 21:55:50,220 - INFO -     ✂️  Cropped to (64, 64) in 0.0s → NC_H08_20251107_0800_R21_FLDK.07001_06001.npy
2026-02-12 21:55:50,282 - INFO -     ⬆️  Uploaded .npy to S3 in 0.1s
2026-02-12 21:55:50,290 - INFO -     🗑️  Deleted raw .nc
2026-02-12 21:56:12,853 - INFO -     ⬇️  Downloaded NC_H08_20251107_0930_R21_FLDK.07001_06001.nc (556MB) in 22.5s
2026-02-12 21:56:12,883 - INFO -     ✂️  Cropped to (64, 64) in 0.0s → NC_H08_20251107_0930_R21_FLDK.07001_06001.npy
2026-02-12 21:56:12,935 - INFO -     ⬆️  Uploaded .npy to S3 in 0.1s
2026-02-12 21:56:12,944 - INFO -     🗑️  Deleted raw .nc
2026-02-12 21:56:33,125 - INFO -     ⬇️  Downloaded NC_H08_20251107_0940_R21_FLDK.07001_06001.nc (552MB) in 20.0s
2026-02-12 21:56:33,144 - INFO -     ✂️  Cropped to (64, 64) in 0.0s → NC_H08_20251107_0940_R21_FLDK.07001_06001.npy
2026-02-12 21:56:33,196 - INFO -     ⬆️  Uploaded .npy to S3 in 0.1s
2026-02-12 21:56:33,202 - INFO -     🗑️  Deleted raw .nc
2026-02-12 21:56:33,203 - INFO -   2025-11-07: processed=20, skipped=0, time=458.6s
2026-02-12 21:56:33,203 - INFO - 
[25/48] Processing 2025-11-09 (2 slots, 1.6mm)
2026-02-12 21:57:00,044 - INFO -     ⬇️  Downloaded NC_H08_20251109_0720_R21_FLDK.07001_06001.nc (610MB) in 26.8s
2026-02-12 21:57:00,063 - INFO -     ✂️  Cropped to (64, 64) in 0.0s → NC_H08_20251109_0720_R21_FLDK.07001_06001.npy
2026-02-12 21:57:00,124 - INFO -     ⬆️  Uploaded .npy to S3 in 0.1s
2026-02-12 21:57:00,132 - INFO -     🗑️  Deleted raw .nc
2026-02-12 21:57:22,712 - INFO -     ⬇️  Downloaded NC_H08_20251109_0730_R21_FLDK.07001_06001.nc (605MB) in 22.5s
2026-02-12 21:57:22,733 - INFO -     ✂️  Cropped to (64, 64) in 0.0s → NC_H08_20251109_0730_R21_FLDK.07001_06001.npy
2026-02-12 21:57:22,783 - INFO -     ⬆️  Uploaded .npy to S3 in 0.0s
2026-02-12 21:57:22,794 - INFO -     🗑️  Deleted raw .nc
2026-02-12 21:57:22,794 - INFO -   2025-11-09: processed=2, skipped=0, time=49.6s
2026-02-12 21:57:22,794 - INFO - 
[26/48] Processing 2025-11-10 (35 slots, 777.8mm)
2026-02-12 21:57:47,607 - INFO -     ⬇️  Downloaded NC_H08_20251110_0500_R21_FLDK.07001_06001.nc (670MB) in 24.7s
2026-02-12 21:57:47,633 - INFO -     ✂️  Cropped to (64, 64) in 0.0s → NC_H08_20251110_0500_R21_FLDK.07001_06001.npy
2026-02-12 21:57:47,683 - INFO -     ⬆️  Uploaded .npy to S3 in 0.0s
2026-02-12 21:57:47,691 - INFO -     🗑️  Deleted raw .nc
2026-02-12 21:58:17,622 - INFO -     ⬇️  Downloaded NC_H08_20251110_0520_R21_FLDK.07001_06001.nc (661MB) in 29.8s
2026-02-12 21:58:17,651 - INFO -     ✂️  Cropped to (64, 64) in 0.0s → NC_H08_20251110_0520_R21_FLDK.07001_06001.npy
2026-02-12 21:58:17,706 - INFO -     ⬆️  Uploaded .npy to S3 in 0.1s
2026-02-12 21:58:17,716 - INFO -     🗑️  Deleted raw .nc
2026-02-12 21:58:40,388 - INFO -     ⬇️  Downloaded NC_H08_20251110_0530_R21_FLDK.07001_06001.nc (657MB) in 22.6s
2026-02-12 21:58:40,420 - INFO -     ✂️  Cropped to (64, 64) in 0.0s → NC_H08_20251110_0530_R21_FLDK.07001_06001.npy
2026-02-12 21:58:40,470 - INFO -     ⬆️  Uploaded .npy to S3 in 0.1s
2026-02-12 21:58:40,480 - INFO -     🗑️  Deleted raw .nc
2026-02-12 21:59:04,355 - INFO -     ⬇️  Downloaded NC_H08_20251110_0540_R21_FLDK.07001_06001.nc (652MB) in 23.8s
2026-02-12 21:59:04,374 - INFO -     ✂️  Cropped to (64, 64) in 0.0s → NC_H08_20251110_0540_R21_FLDK.07001_06001.npy
2026-02-12 21:59:04,430 - INFO -     ⬆️  Uploaded .npy to S3 in 0.1s
2026-02-12 21:59:04,437 - INFO -     🗑️  Deleted raw .nc
2026-02-12 21:59:30,314 - INFO -     ⬇️  Downloaded NC_H08_20251110_0550_R21_FLDK.07001_06001.nc (648MB) in 25.8s
2026-02-12 21:59:30,333 - INFO -     ✂️  Cropped to (64, 64) in 0.0s → NC_H08_20251110_0550_R21_FLDK.07001_06001.npy
2026-02-12 21:59:30,386 - INFO -     ⬆️  Uploaded .npy to S3 in 0.1s
2026-02-12 21:59:30,394 - INFO -     🗑️  Deleted raw .nc
2026-02-12 21:59:55,606 - INFO -     ⬇️  Downloaded NC_H08_20251110_0600_R21_FLDK.07001_06001.nc (644MB) in 25.1s
2026-02-12 21:59:55,626 - INFO -     ✂️  Cropped to (64, 64) in 0.0s → NC_H08_20251110_0600_R21_FLDK.07001_06001.npy
2026-02-12 21:59:55,679 - INFO -     ⬆️  Uploaded .npy to S3 in 0.1s
2026-02-12 21:59:55,686 - INFO -     🗑️  Deleted raw .nc
2026-02-12 22:00:23,440 - INFO -     ⬇️  Downloaded NC_H08_20251110_0610_R21_FLDK.07001_06001.nc (639MB) in 27.7s
2026-02-12 22:00:23,463 - INFO -     ✂️  Cropped to (64, 64) in 0.0s → NC_H08_20251110_0610_R21_FLDK.07001_06001.npy
2026-02-12 22:00:23,517 - INFO -     ⬆️  Uploaded .npy to S3 in 0.1s
2026-02-12 22:00:23,526 - INFO -     🗑️  Deleted raw .nc
2026-02-12 22:00:49,869 - INFO -     ⬇️  Downloaded NC_H08_20251110_0620_R21_FLDK.07001_06001.nc (634MB) in 26.3s
2026-02-12 22:00:49,895 - INFO -     ✂️  Cropped to (64, 64) in 0.0s → NC_H08_20251110_0620_R21_FLDK.07001_06001.npy
2026-02-12 22:00:49,957 - INFO -     ⬆️  Uploaded .npy to S3 in 0.1s
2026-02-12 22:00:49,966 - INFO -     🗑️  Deleted raw .nc
2026-02-12 22:01:19,176 - INFO -     ⬇️  Downloaded NC_H08_20251110_0630_R21_FLDK.07001_06001.nc (629MB) in 29.1s
2026-02-12 22:01:19,202 - INFO -     ✂️  Cropped to (64, 64) in 0.0s → NC_H08_20251110_0630_R21_FLDK.07001_06001.npy
2026-02-12 22:01:19,290 - INFO -     ⬆️  Uploaded .npy to S3 in 0.1s
2026-02-12 22:01:19,299 - INFO -     🗑️  Deleted raw .nc
2026-02-12 22:01:43,193 - INFO -     ⬇️  Downloaded NC_H08_20251110_0640_R21_FLDK.07001_06001.nc (625MB) in 23.8s
2026-02-12 22:01:43,224 - INFO -     ✂️  Cropped to (64, 64) in 0.0s → NC_H08_20251110_0640_R21_FLDK.07001_06001.npy
2026-02-12 22:01:43,305 - INFO -     ⬆️  Uploaded .npy to S3 in 0.1s
2026-02-12 22:01:43,315 - INFO -     🗑️  Deleted raw .nc
2026-02-12 22:02:08,129 - INFO -     ⬇️  Downloaded NC_H08_20251110_0650_R21_FLDK.07001_06001.nc (620MB) in 24.7s
2026-02-12 22:02:08,146 - INFO -     ✂️  Cropped to (64, 64) in 0.0s → NC_H08_20251110_0650_R21_FLDK.07001_06001.npy
2026-02-12 22:02:08,326 - INFO -     ⬆️  Uploaded .npy to S3 in 0.2s
2026-02-12 22:02:08,337 - INFO -     🗑️  Deleted raw .nc
2026-02-12 22:02:31,666 - INFO -     ⬇️  Downloaded NC_H08_20251110_0700_R21_FLDK.07001_06001.nc (616MB) in 23.2s
2026-02-12 22:02:31,684 - INFO -     ✂️  Cropped to (64, 64) in 0.0s → NC_H08_20251110_0700_R21_FLDK.07001_06001.npy
2026-02-12 22:02:31,768 - INFO -     ⬆️  Uploaded .npy to S3 in 0.1s
2026-02-12 22:02:31,776 - INFO -     🗑️  Deleted raw .nc
2026-02-12 22:02:54,565 - INFO -     ⬇️  Downloaded NC_H08_20251110_0710_R21_FLDK.07001_06001.nc (611MB) in 22.7s
2026-02-12 22:02:54,586 - INFO -     ✂️  Cropped to (64, 64) in 0.0s → NC_H08_20251110_0710_R21_FLDK.07001_06001.npy
2026-02-12 22:02:54,649 - INFO -     ⬆️  Uploaded .npy to S3 in 0.1s
2026-02-12 22:02:54,657 - INFO -     🗑️  Deleted raw .nc
2026-02-12 22:03:24,442 - INFO -     ⬇️  Downloaded NC_H08_20251110_0720_R21_FLDK.07001_06001.nc (606MB) in 29.7s
2026-02-12 22:03:24,463 - INFO -     ✂️  Cropped to (64, 64) in 0.0s → NC_H08_20251110_0720_R21_FLDK.07001_06001.npy
2026-02-12 22:03:24,519 - INFO -     ⬆️  Uploaded .npy to S3 in 0.1s
2026-02-12 22:03:24,527 - INFO -     🗑️  Deleted raw .nc
2026-02-12 22:03:44,354 - INFO -     ⬇️  Downloaded NC_H08_20251110_0730_R21_FLDK.07001_06001.nc (602MB) in 19.7s
2026-02-12 22:03:44,382 - INFO -     ✂️  Cropped to (64, 64) in 0.0s → NC_H08_20251110_0730_R21_FLDK.07001_06001.npy
2026-02-12 22:03:44,441 - INFO -     ⬆️  Uploaded .npy to S3 in 0.1s
2026-02-12 22:03:44,450 - INFO -     🗑️  Deleted raw .nc
2026-02-12 22:04:08,211 - INFO -     ⬇️  Downloaded NC_H08_20251110_0740_R21_FLDK.07001_06001.nc (597MB) in 23.7s
2026-02-12 22:04:08,229 - INFO -     ✂️  Cropped to (64, 64) in 0.0s → NC_H08_20251110_0740_R21_FLDK.07001_06001.npy
2026-02-12 22:04:08,290 - INFO -     ⬆️  Uploaded .npy to S3 in 0.1s
2026-02-12 22:04:08,297 - INFO -     🗑️  Deleted raw .nc
2026-02-12 22:04:28,879 - INFO -     ⬇️  Downloaded NC_H08_20251110_0750_R21_FLDK.07001_06001.nc (593MB) in 20.5s
2026-02-12 22:04:28,898 - INFO -     ✂️  Cropped to (64, 64) in 0.0s → NC_H08_20251110_0750_R21_FLDK.07001_06001.npy
2026-02-12 22:04:28,962 - INFO -     ⬆️  Uploaded .npy to S3 in 0.1s
2026-02-12 22:04:28,970 - INFO -     🗑️  Deleted raw .nc
2026-02-12 22:04:49,479 - INFO -     ⬇️  Downloaded NC_H08_20251110_0800_R21_FLDK.07001_06001.nc (588MB) in 20.4s
2026-02-12 22:04:49,505 - INFO -     ✂️  Cropped to (64, 64) in 0.0s → NC_H08_20251110_0800_R21_FLDK.07001_06001.npy
2026-02-12 22:04:49,552 - INFO -     ⬆️  Uploaded .npy to S3 in 0.0s
2026-02-12 22:04:49,562 - INFO -     🗑️  Deleted raw .nc
2026-02-12 22:05:11,418 - INFO -     ⬇️  Downloaded NC_H08_20251110_0810_R21_FLDK.07001_06001.nc (584MB) in 21.8s
2026-02-12 22:05:11,440 - INFO -     ✂️  Cropped to (64, 64) in 0.0s → NC_H08_20251110_0810_R21_FLDK.07001_06001.npy
2026-02-12 22:05:11,573 - INFO -     ⬆️  Uploaded .npy to S3 in 0.1s
2026-02-12 22:05:11,587 - INFO -     🗑️  Deleted raw .nc
2026-02-12 22:05:31,680 - INFO -     ⬇️  Downloaded NC_H08_20251110_0820_R21_FLDK.07001_06001.nc (579MB) in 19.9s
2026-02-12 22:05:31,701 - INFO -     ✂️  Cropped to (64, 64) in 0.0s → NC_H08_20251110_0820_R21_FLDK.07001_06001.npy
2026-02-12 22:05:31,786 - INFO -     ⬆️  Uploaded .npy to S3 in 0.1s
2026-02-12 22:05:31,792 - INFO -     🗑️  Deleted raw .nc
2026-02-12 22:05:50,570 - INFO -     ⬇️  Downloaded NC_H08_20251110_0830_R21_FLDK.07001_06001.nc (575MB) in 18.7s
2026-02-12 22:05:50,590 - INFO -     ✂️  Cropped to (64, 64) in 0.0s → NC_H08_20251110_0830_R21_FLDK.07001_06001.npy
2026-02-12 22:05:50,647 - INFO -     ⬆️  Uploaded .npy to S3 in 0.1s
2026-02-12 22:05:50,658 - INFO -     🗑️  Deleted raw .nc
2026-02-12 22:06:08,418 - INFO -     ⬇️  Downloaded NC_H08_20251110_0840_R21_FLDK.07001_06001.nc (571MB) in 17.7s
2026-02-12 22:06:08,437 - INFO -     ✂️  Cropped to (64, 64) in 0.0s → NC_H08_20251110_0840_R21_FLDK.07001_06001.npy
2026-02-12 22:06:08,497 - INFO -     ⬆️  Uploaded .npy to S3 in 0.1s
2026-02-12 22:06:08,503 - INFO -     🗑️  Deleted raw .nc
2026-02-12 22:06:26,181 - INFO -     ⬇️  Downloaded NC_H08_20251110_0850_R21_FLDK.07001_06001.nc (566MB) in 17.6s
2026-02-12 22:06:26,200 - INFO -     ✂️  Cropped to (64, 64) in 0.0s → NC_H08_20251110_0850_R21_FLDK.07001_06001.npy
2026-02-12 22:06:26,389 - INFO -     ⬆️  Uploaded .npy to S3 in 0.2s
2026-02-12 22:06:26,395 - INFO -     🗑️  Deleted raw .nc
2026-02-12 22:06:45,010 - INFO -     ⬇️  Downloaded NC_H08_20251110_0900_R21_FLDK.07001_06001.nc (562MB) in 18.5s
2026-02-12 22:06:45,029 - INFO -     ✂️  Cropped to (64, 64) in 0.0s → NC_H08_20251110_0900_R21_FLDK.07001_06001.npy
2026-02-12 22:06:45,084 - INFO -     ⬆️  Uploaded .npy to S3 in 0.1s
2026-02-12 22:06:45,091 - INFO -     🗑️  Deleted raw .nc
2026-02-12 22:07:05,266 - INFO -     ⬇️  Downloaded NC_H08_20251110_0910_R21_FLDK.07001_06001.nc (558MB) in 20.1s
2026-02-12 22:07:05,284 - INFO -     ✂️  Cropped to (64, 64) in 0.0s → NC_H08_20251110_0910_R21_FLDK.07001_06001.npy
2026-02-12 22:07:05,395 - INFO -     ⬆️  Uploaded .npy to S3 in 0.1s
2026-02-12 22:07:05,406 - INFO -     🗑️  Deleted raw .nc
2026-02-12 22:07:24,742 - INFO -     ⬇️  Downloaded NC_H08_20251110_0920_R21_FLDK.07001_06001.nc (554MB) in 19.2s
2026-02-12 22:07:24,761 - INFO -     ✂️  Cropped to (64, 64) in 0.0s → NC_H08_20251110_0920_R21_FLDK.07001_06001.npy
2026-02-12 22:07:24,814 - INFO -     ⬆️  Uploaded .npy to S3 in 0.1s
2026-02-12 22:07:24,820 - INFO -     🗑️  Deleted raw .nc
2026-02-12 22:07:42,433 - INFO -     ⬇️  Downloaded NC_H08_20251110_0930_R21_FLDK.07001_06001.nc (549MB) in 17.5s
2026-02-12 22:07:42,453 - INFO -     ✂️  Cropped to (64, 64) in 0.0s → NC_H08_20251110_0930_R21_FLDK.07001_06001.npy
2026-02-12 22:07:42,508 - INFO -     ⬆️  Uploaded .npy to S3 in 0.1s
2026-02-12 22:07:42,515 - INFO -     🗑️  Deleted raw .nc
2026-02-12 22:08:01,228 - INFO -     ⬇️  Downloaded NC_H08_20251110_0940_R21_FLDK.07001_06001.nc (545MB) in 18.6s
2026-02-12 22:08:01,246 - INFO -     ✂️  Cropped to (64, 64) in 0.0s → NC_H08_20251110_0940_R21_FLDK.07001_06001.npy
2026-02-12 22:08:01,422 - INFO -     ⬆️  Uploaded .npy to S3 in 0.2s
2026-02-12 22:08:01,429 - INFO -     🗑️  Deleted raw .nc
2026-02-12 22:08:20,307 - INFO -     ⬇️  Downloaded NC_H08_20251110_0950_R21_FLDK.07001_06001.nc (541MB) in 18.8s
2026-02-12 22:08:20,334 - INFO -     ✂️  Cropped to (64, 64) in 0.0s → NC_H08_20251110_0950_R21_FLDK.07001_06001.npy
2026-02-12 22:08:20,510 - INFO -     ⬆️  Uploaded .npy to S3 in 0.2s
2026-02-12 22:08:20,517 - INFO -     🗑️  Deleted raw .nc
2026-02-12 22:08:39,158 - INFO -     ⬇️  Downloaded NC_H08_20251110_1030_R21_FLDK.07001_06001.nc (525MB) in 18.6s
2026-02-12 22:08:39,177 - INFO -     ✂️  Cropped to (64, 64) in 0.0s → NC_H08_20251110_1030_R21_FLDK.07001_06001.npy
2026-02-12 22:08:39,236 - INFO -     ⬆️  Uploaded .npy to S3 in 0.1s
2026-02-12 22:08:39,285 - INFO -     🗑️  Deleted raw .nc
2026-02-12 22:08:56,303 - INFO -     ⬇️  Downloaded NC_H08_20251110_1040_R21_FLDK.07001_06001.nc (521MB) in 16.9s
2026-02-12 22:08:56,323 - INFO -     ✂️  Cropped to (64, 64) in 0.0s → NC_H08_20251110_1040_R21_FLDK.07001_06001.npy
2026-02-12 22:08:56,375 - INFO -     ⬆️  Uploaded .npy to S3 in 0.1s
2026-02-12 22:08:56,381 - INFO -     🗑️  Deleted raw .nc
2026-02-12 22:09:14,817 - INFO -     ⬇️  Downloaded NC_H08_20251110_1200_R21_FLDK.07001_06001.nc (487MB) in 18.3s
2026-02-12 22:09:14,845 - INFO -     ✂️  Cropped to (64, 64) in 0.0s → NC_H08_20251110_1200_R21_FLDK.07001_06001.npy
2026-02-12 22:09:14,901 - INFO -     ⬆️  Uploaded .npy to S3 in 0.1s
2026-02-12 22:09:14,908 - INFO -     🗑️  Deleted raw .nc
2026-02-12 22:09:30,783 - INFO -     ⬇️  Downloaded NC_H08_20251110_1300_R21_FLDK.07001_06001.nc (467MB) in 15.8s
2026-02-12 22:09:30,802 - INFO -     ✂️  Cropped to (64, 64) in 0.0s → NC_H08_20251110_1300_R21_FLDK.07001_06001.npy
2026-02-12 22:09:30,859 - INFO -     ⬆️  Uploaded .npy to S3 in 0.1s
2026-02-12 22:09:30,865 - INFO -     🗑️  Deleted raw .nc
2026-02-12 22:09:47,264 - INFO -     ⬇️  Downloaded NC_H08_20251110_1320_R21_FLDK.07001_06001.nc (467MB) in 16.3s
2026-02-12 22:09:47,290 - INFO -     ✂️  Cropped to (64, 64) in 0.0s → NC_H08_20251110_1320_R21_FLDK.07001_06001.npy
2026-02-12 22:09:47,343 - INFO -     ⬆️  Uploaded .npy to S3 in 0.1s
2026-02-12 22:09:47,350 - INFO -     🗑️  Deleted raw .nc
2026-02-12 22:09:47,350 - INFO -   2025-11-10: processed=34, skipped=0, time=744.6s
2026-02-12 22:09:47,350 - INFO - 
[27/48] Processing 2025-11-11 (35 slots, 206.4mm)
2026-02-12 22:10:06,289 - INFO -     ⬇️  Downloaded NC_H08_20251111_1410_R21_FLDK.07001_06001.nc (474MB) in 18.8s
2026-02-12 22:10:06,309 - INFO -     ✂️  Cropped to (64, 64) in 0.0s → NC_H08_20251111_1410_R21_FLDK.07001_06001.npy
2026-02-12 22:10:06,366 - INFO -     ⬆️  Uploaded .npy to S3 in 0.1s
2026-02-12 22:10:06,372 - INFO -     🗑️  Deleted raw .nc
2026-02-12 22:10:22,372 - INFO -     ⬇️  Downloaded NC_H08_20251111_1450_R21_FLDK.07001_06001.nc (469MB) in 15.8s
2026-02-12 22:10:22,394 - INFO -     ✂️  Cropped to (64, 64) in 0.0s → NC_H08_20251111_1450_R21_FLDK.07001_06001.npy
2026-02-12 22:10:22,453 - INFO -     ⬆️  Uploaded .npy to S3 in 0.1s
2026-02-12 22:10:22,458 - INFO -     🗑️  Deleted raw .nc
2026-02-12 22:10:37,410 - INFO -     ⬇️  Downloaded NC_H08_20251111_1530_R21_FLDK.07001_06001.nc (459MB) in 14.9s
2026-02-12 22:10:37,430 - INFO -     ✂️  Cropped to (64, 64) in 0.0s → NC_H08_20251111_1530_R21_FLDK.07001_06001.npy
2026-02-12 22:10:37,488 - INFO -     ⬆️  Uploaded .npy to S3 in 0.1s
2026-02-12 22:10:37,494 - INFO -     🗑️  Deleted raw .nc
2026-02-12 22:10:52,757 - INFO -     ⬇️  Downloaded NC_H08_20251111_1540_R21_FLDK.07001_06001.nc (463MB) in 15.2s
2026-02-12 22:10:52,778 - INFO -     ✂️  Cropped to (64, 64) in 0.0s → NC_H08_20251111_1540_R21_FLDK.07001_06001.npy
2026-02-12 22:10:52,855 - INFO -     ⬆️  Uploaded .npy to S3 in 0.1s
2026-02-12 22:10:52,860 - INFO -     🗑️  Deleted raw .nc
2026-02-12 22:11:10,544 - INFO -     ⬇️  Downloaded NC_H08_20251111_1550_R21_FLDK.07001_06001.nc (468MB) in 17.6s
2026-02-12 22:11:10,562 - INFO -     ✂️  Cropped to (64, 64) in 0.0s → NC_H08_20251111_1550_R21_FLDK.07001_06001.npy
2026-02-12 22:11:10,615 - INFO -     ⬆️  Uploaded .npy to S3 in 0.1s
2026-02-12 22:11:10,622 - INFO -     🗑️  Deleted raw .nc
2026-02-12 22:11:26,256 - INFO -     ⬇️  Downloaded NC_H08_20251111_1600_R21_FLDK.07001_06001.nc (474MB) in 15.6s
2026-02-12 22:11:26,273 - INFO -     ✂️  Cropped to (64, 64) in 0.0s → NC_H08_20251111_1600_R21_FLDK.07001_06001.npy
2026-02-12 22:11:26,544 - INFO -     ⬆️  Uploaded .npy to S3 in 0.3s
2026-02-12 22:11:26,556 - INFO -     🗑️  Deleted raw .nc
2026-02-12 22:11:43,582 - INFO -     ⬇️  Downloaded NC_H08_20251111_1610_R21_FLDK.07001_06001.nc (480MB) in 16.9s
2026-02-12 22:11:43,613 - INFO -     ✂️  Cropped to (64, 64) in 0.0s → NC_H08_20251111_1610_R21_FLDK.07001_06001.npy
2026-02-12 22:11:43,678 - INFO -     ⬆️  Uploaded .npy to S3 in 0.1s
2026-02-12 22:11:43,684 - INFO -     🗑️  Deleted raw .nc
2026-02-12 22:11:59,158 - INFO -     ⬇️  Downloaded NC_H08_20251111_1620_R21_FLDK.07001_06001.nc (484MB) in 15.4s
2026-02-12 22:11:59,177 - INFO -     ✂️  Cropped to (64, 64) in 0.0s → NC_H08_20251111_1620_R21_FLDK.07001_06001.npy
2026-02-12 22:11:59,239 - INFO -     ⬆️  Uploaded .npy to S3 in 0.1s
2026-02-12 22:11:59,246 - INFO -     🗑️  Deleted raw .nc
2026-02-12 22:12:16,766 - INFO -     ⬇️  Downloaded NC_H08_20251111_1630_R21_FLDK.07001_06001.nc (488MB) in 17.4s
2026-02-12 22:12:16,793 - INFO -     ✂️  Cropped to (64, 64) in 0.0s → NC_H08_20251111_1630_R21_FLDK.07001_06001.npy
2026-02-12 22:12:16,841 - INFO -     ⬆️  Uploaded .npy to S3 in 0.0s
2026-02-12 22:12:16,850 - INFO -     🗑️  Deleted raw .nc
2026-02-12 22:12:32,039 - INFO -     ⬇️  Downloaded NC_H08_20251111_1640_R21_FLDK.07001_06001.nc (492MB) in 15.1s
2026-02-12 22:12:32,058 - INFO -     ✂️  Cropped to (64, 64) in 0.0s → NC_H08_20251111_1640_R21_FLDK.07001_06001.npy
2026-02-12 22:12:32,118 - INFO -     ⬆️  Uploaded .npy to S3 in 0.1s
2026-02-12 22:12:32,122 - INFO -     🗑️  Deleted raw .nc
2026-02-12 22:12:49,989 - INFO -     ⬇️  Downloaded NC_H08_20251111_1650_R21_FLDK.07001_06001.nc (496MB) in 17.8s
2026-02-12 22:12:50,013 - INFO -     ✂️  Cropped to (64, 64) in 0.0s → NC_H08_20251111_1650_R21_FLDK.07001_06001.npy
2026-02-12 22:12:50,072 - INFO -     ⬆️  Uploaded .npy to S3 in 0.1s
2026-02-12 22:12:50,078 - INFO -     🗑️  Deleted raw .nc
2026-02-12 22:13:07,493 - INFO -     ⬇️  Downloaded NC_H08_20251111_1700_R21_FLDK.07001_06001.nc (500MB) in 17.3s
2026-02-12 22:13:07,511 - INFO -     ✂️  Cropped to (64, 64) in 0.0s → NC_H08_20251111_1700_R21_FLDK.07001_06001.npy
2026-02-12 22:13:07,564 - INFO -     ⬆️  Uploaded .npy to S3 in 0.1s
2026-02-12 22:13:07,570 - INFO -     🗑️  Deleted raw .nc
2026-02-12 22:13:23,778 - INFO -     ⬇️  Downloaded NC_H08_20251111_1710_R21_FLDK.07001_06001.nc (506MB) in 16.0s
2026-02-12 22:13:23,797 - INFO -     ✂️  Cropped to (64, 64) in 0.0s → NC_H08_20251111_1710_R21_FLDK.07001_06001.npy
2026-02-12 22:13:23,864 - INFO -     ⬆️  Uploaded .npy to S3 in 0.1s
2026-02-12 22:13:23,870 - INFO -     🗑️  Deleted raw .nc
2026-02-12 22:13:40,463 - INFO -     ⬇️  Downloaded NC_H08_20251111_1720_R21_FLDK.07001_06001.nc (510MB) in 16.5s
2026-02-12 22:13:40,500 - INFO -     ✂️  Cropped to (64, 64) in 0.0s → NC_H08_20251111_1720_R21_FLDK.07001_06001.npy
2026-02-12 22:13:40,579 - INFO -     ⬆️  Uploaded .npy to S3 in 0.1s
2026-02-12 22:13:40,587 - INFO -     🗑️  Deleted raw .nc
2026-02-12 22:13:58,574 - INFO -     ⬇️  Downloaded NC_H08_20251111_1730_R21_FLDK.07001_06001.nc (515MB) in 17.9s
2026-02-12 22:13:58,593 - INFO -     ✂️  Cropped to (64, 64) in 0.0s → NC_H08_20251111_1730_R21_FLDK.07001_06001.npy
2026-02-12 22:13:58,716 - INFO -     ⬆️  Uploaded .npy to S3 in 0.1s
2026-02-12 22:13:58,721 - INFO -     🗑️  Deleted raw .nc
2026-02-12 22:14:17,663 - INFO -     ⬇️  Downloaded NC_H08_20251111_1740_R21_FLDK.07001_06001.nc (519MB) in 18.8s
2026-02-12 22:14:17,688 - INFO -     ✂️  Cropped to (64, 64) in 0.0s → NC_H08_20251111_1740_R21_FLDK.07001_06001.npy
2026-02-12 22:14:17,753 - INFO -     ⬆️  Uploaded .npy to S3 in 0.1s
2026-02-12 22:14:17,760 - INFO -     🗑️  Deleted raw .nc
2026-02-12 22:14:37,200 - INFO -     ⬇️  Downloaded NC_H08_20251111_1750_R21_FLDK.07001_06001.nc (523MB) in 19.4s
2026-02-12 22:14:37,219 - INFO -     ✂️  Cropped to (64, 64) in 0.0s → NC_H08_20251111_1750_R21_FLDK.07001_06001.npy
2026-02-12 22:14:37,383 - INFO -     ⬆️  Uploaded .npy to S3 in 0.2s
2026-02-12 22:14:37,410 - INFO -     🗑️  Deleted raw .nc
2026-02-12 22:14:54,489 - INFO -     ⬇️  Downloaded NC_H08_20251111_1810_R21_FLDK.07001_06001.nc (531MB) in 17.0s
2026-02-12 22:14:54,509 - INFO -     ✂️  Cropped to (64, 64) in 0.0s → NC_H08_20251111_1810_R21_FLDK.07001_06001.npy
2026-02-12 22:14:54,559 - INFO -     ⬆️  Uploaded .npy to S3 in 0.1s
2026-02-12 22:14:54,564 - INFO -     🗑️  Deleted raw .nc
2026-02-12 22:15:16,142 - INFO -     ⬇️  Downloaded NC_H08_20251111_1820_R21_FLDK.07001_06001.nc (536MB) in 21.5s
2026-02-12 22:15:16,171 - INFO -     ✂️  Cropped to (64, 64) in 0.0s → NC_H08_20251111_1820_R21_FLDK.07001_06001.npy
2026-02-12 22:15:16,221 - INFO -     ⬆️  Uploaded .npy to S3 in 0.1s
2026-02-12 22:15:16,227 - INFO -     🗑️  Deleted raw .nc
2026-02-12 22:15:32,234 - INFO -     ⬇️  Downloaded NC_H08_20251111_1830_R21_FLDK.07001_06001.nc (540MB) in 15.9s
2026-02-12 22:15:32,252 - INFO -     ✂️  Cropped to (64, 64) in 0.0s → NC_H08_20251111_1830_R21_FLDK.07001_06001.npy
2026-02-12 22:15:32,305 - INFO -     ⬆️  Uploaded .npy to S3 in 0.1s
2026-02-12 22:15:32,312 - INFO -     🗑️  Deleted raw .nc
2026-02-12 22:15:49,706 - INFO -     ⬇️  Downloaded NC_H08_20251111_1850_R21_FLDK.07001_06001.nc (547MB) in 17.3s
2026-02-12 22:15:49,725 - INFO -     ✂️  Cropped to (64, 64) in 0.0s → NC_H08_20251111_1850_R21_FLDK.07001_06001.npy
2026-02-12 22:15:49,880 - INFO -     ⬆️  Uploaded .npy to S3 in 0.2s
2026-02-12 22:15:49,886 - INFO -     🗑️  Deleted raw .nc
2026-02-12 22:16:09,570 - INFO -     ⬇️  Downloaded NC_H08_20251111_1900_R21_FLDK.07001_06001.nc (551MB) in 19.6s
2026-02-12 22:16:09,588 - INFO -     ✂️  Cropped to (64, 64) in 0.0s → NC_H08_20251111_1900_R21_FLDK.07001_06001.npy
2026-02-12 22:16:09,648 - INFO -     ⬆️  Uploaded .npy to S3 in 0.1s
2026-02-12 22:16:09,654 - INFO -     🗑️  Deleted raw .nc
2026-02-12 22:16:27,762 - INFO -     ⬇️  Downloaded NC_H08_20251111_1910_R21_FLDK.07001_06001.nc (556MB) in 18.0s
2026-02-12 22:16:27,779 - INFO -     ✂️  Cropped to (64, 64) in 0.0s → NC_H08_20251111_1910_R21_FLDK.07001_06001.npy
2026-02-12 22:16:27,836 - INFO -     ⬆️  Uploaded .npy to S3 in 0.1s
2026-02-12 22:16:27,842 - INFO -     🗑️  Deleted raw .nc
2026-02-12 22:16:47,518 - INFO -     ⬇️  Downloaded NC_H08_20251111_1920_R21_FLDK.07001_06001.nc (559MB) in 19.6s
2026-02-12 22:16:47,542 - INFO -     ✂️  Cropped to (64, 64) in 0.0s → NC_H08_20251111_1920_R21_FLDK.07001_06001.npy
2026-02-12 22:16:47,598 - INFO -     ⬆️  Uploaded .npy to S3 in 0.1s
2026-02-12 22:16:47,605 - INFO -     🗑️  Deleted raw .nc
2026-02-12 22:17:06,420 - INFO -     ⬇️  Downloaded NC_H08_20251111_1930_R21_FLDK.07001_06001.nc (563MB) in 18.7s
2026-02-12 22:17:06,437 - INFO -     ✂️  Cropped to (64, 64) in 0.0s → NC_H08_20251111_1930_R21_FLDK.07001_06001.npy
2026-02-12 22:17:06,491 - INFO -     ⬆️  Uploaded .npy to S3 in 0.1s
2026-02-12 22:17:06,497 - INFO -     🗑️  Deleted raw .nc
2026-02-12 22:17:25,811 - INFO -     ⬇️  Downloaded NC_H08_20251111_1940_R21_FLDK.07001_06001.nc (567MB) in 19.2s
2026-02-12 22:17:25,831 - INFO -     ✂️  Cropped to (64, 64) in 0.0s → NC_H08_20251111_1940_R21_FLDK.07001_06001.npy
2026-02-12 22:17:25,883 - INFO -     ⬆️  Uploaded .npy to S3 in 0.1s
2026-02-12 22:17:25,889 - INFO -     🗑️  Deleted raw .nc
2026-02-12 22:17:44,344 - INFO -     ⬇️  Downloaded NC_H08_20251111_1950_R21_FLDK.07001_06001.nc (570MB) in 18.4s
2026-02-12 22:17:44,365 - INFO -     ✂️  Cropped to (64, 64) in 0.0s → NC_H08_20251111_1950_R21_FLDK.07001_06001.npy
2026-02-12 22:17:44,481 - INFO -     ⬆️  Uploaded .npy to S3 in 0.1s
2026-02-12 22:17:44,487 - INFO -     🗑️  Deleted raw .nc
2026-02-12 22:18:08,604 - INFO -     ⬇️  Downloaded NC_H08_20251111_2000_R21_FLDK.07001_06001.nc (574MB) in 24.0s
2026-02-12 22:18:08,622 - INFO -     ✂️  Cropped to (64, 64) in 0.0s → NC_H08_20251111_2000_R21_FLDK.07001_06001.npy
2026-02-12 22:18:08,690 - INFO -     ⬆️  Uploaded .npy to S3 in 0.1s
2026-02-12 22:18:08,696 - INFO -     🗑️  Deleted raw .nc
2026-02-12 22:18:30,688 - INFO -     ⬇️  Downloaded NC_H08_20251111_2010_R21_FLDK.07001_06001.nc (578MB) in 21.9s
2026-02-12 22:18:30,706 - INFO -     ✂️  Cropped to (64, 64) in 0.0s → NC_H08_20251111_2010_R21_FLDK.07001_06001.npy
2026-02-12 22:18:30,761 - INFO -     ⬆️  Uploaded .npy to S3 in 0.1s
2026-02-12 22:18:30,767 - INFO -     🗑️  Deleted raw .nc
2026-02-12 22:18:55,057 - INFO -     ⬇️  Downloaded NC_H08_20251111_2020_R21_FLDK.07001_06001.nc (582MB) in 24.2s
2026-02-12 22:18:55,080 - INFO -     ✂️  Cropped to (64, 64) in 0.0s → NC_H08_20251111_2020_R21_FLDK.07001_06001.npy
2026-02-12 22:18:55,152 - INFO -     ⬆️  Uploaded .npy to S3 in 0.1s
2026-02-12 22:18:55,162 - INFO -     🗑️  Deleted raw .nc
2026-02-12 22:19:16,804 - INFO -     ⬇️  Downloaded NC_H08_20251111_2030_R21_FLDK.07001_06001.nc (586MB) in 21.5s
2026-02-12 22:19:16,830 - INFO -     ✂️  Cropped to (64, 64) in 0.0s → NC_H08_20251111_2030_R21_FLDK.07001_06001.npy
2026-02-12 22:19:16,890 - INFO -     ⬆️  Uploaded .npy to S3 in 0.1s
2026-02-12 22:19:16,901 - INFO -     🗑️  Deleted raw .nc
2026-02-12 22:19:39,326 - INFO -     ⬇️  Downloaded NC_H08_20251111_2040_R21_FLDK.07001_06001.nc (590MB) in 22.3s
2026-02-12 22:19:39,344 - INFO -     ✂️  Cropped to (64, 64) in 0.0s → NC_H08_20251111_2040_R21_FLDK.07001_06001.npy
2026-02-12 22:19:39,404 - INFO -     ⬆️  Uploaded .npy to S3 in 0.1s
2026-02-12 22:19:39,410 - INFO -     🗑️  Deleted raw .nc
2026-02-12 22:20:04,541 - INFO -     ⬇️  Downloaded NC_H08_20251111_2220_R21_FLDK.07001_06001.nc (634MB) in 25.0s
2026-02-12 22:20:04,558 - INFO -     ✂️  Cropped to (64, 64) in 0.0s → NC_H08_20251111_2220_R21_FLDK.07001_06001.npy
2026-02-12 22:20:04,617 - INFO -     ⬆️  Uploaded .npy to S3 in 0.1s
2026-02-12 22:20:04,624 - INFO -     🗑️  Deleted raw .nc
2026-02-12 22:20:27,609 - INFO -     ⬇️  Downloaded NC_H08_20251111_2230_R21_FLDK.07001_06001.nc (639MB) in 22.9s
2026-02-12 22:20:27,628 - INFO -     ✂️  Cropped to (64, 64) in 0.0s → NC_H08_20251111_2230_R21_FLDK.07001_06001.npy
2026-02-12 22:20:27,683 - INFO -     ⬆️  Uploaded .npy to S3 in 0.1s
2026-02-12 22:20:27,690 - INFO -     🗑️  Deleted raw .nc
2026-02-12 22:20:27,690 - INFO -   2025-11-11: processed=34, skipped=0, time=640.3s
2026-02-12 22:20:27,691 - INFO - 
[28/48] Processing 2025-11-12 (58 slots, 202.7mm)
2026-02-12 22:20:49,717 - INFO -     ⬇️  Downloaded NC_H08_20251112_0600_R21_FLDK.07001_06001.nc (652MB) in 21.9s
2026-02-12 22:20:49,740 - INFO -     ✂️  Cropped to (64, 64) in 0.0s → NC_H08_20251112_0600_R21_FLDK.07001_06001.npy
2026-02-12 22:20:49,801 - INFO -     ⬆️  Uploaded .npy to S3 in 0.1s
2026-02-12 22:20:49,814 - INFO -     🗑️  Deleted raw .nc
2026-02-12 22:21:11,495 - INFO -     ⬇️  Downloaded NC_H08_20251112_0620_R21_FLDK.07001_06001.nc (643MB) in 21.6s
2026-02-12 22:21:11,529 - INFO -     ✂️  Cropped to (64, 64) in 0.0s → NC_H08_20251112_0620_R21_FLDK.07001_06001.npy
2026-02-12 22:21:11,598 - INFO -     ⬆️  Uploaded .npy to S3 in 0.1s
2026-02-12 22:21:11,607 - INFO -     🗑️  Deleted raw .nc
2026-02-12 22:21:32,382 - INFO -     ⬇️  Downloaded NC_H08_20251112_0630_R21_FLDK.07001_06001.nc (638MB) in 20.7s
2026-02-12 22:21:32,398 - INFO -     ✂️  Cropped to (64, 64) in 0.0s → NC_H08_20251112_0630_R21_FLDK.07001_06001.npy
2026-02-12 22:21:32,464 - INFO -     ⬆️  Uploaded .npy to S3 in 0.1s
2026-02-12 22:21:32,471 - INFO -     🗑️  Deleted raw .nc
2026-02-12 22:21:54,737 - INFO -     ⬇️  Downloaded NC_H08_20251112_0640_R21_FLDK.07001_06001.nc (633MB) in 22.2s
2026-02-12 22:21:54,757 - INFO -     ✂️  Cropped to (64, 64) in 0.0s → NC_H08_20251112_0640_R21_FLDK.07001_06001.npy
2026-02-12 22:21:54,816 - INFO -     ⬆️  Uploaded .npy to S3 in 0.1s
2026-02-12 22:21:54,824 - INFO -     🗑️  Deleted raw .nc
2026-02-12 22:22:14,753 - INFO -     ⬇️  Downloaded NC_H08_20251112_0650_R21_FLDK.07001_06001.nc (628MB) in 19.9s
2026-02-12 22:22:14,785 - INFO -     ✂️  Cropped to (64, 64) in 0.0s → NC_H08_20251112_0650_R21_FLDK.07001_06001.npy
2026-02-12 22:22:14,842 - INFO -     ⬆️  Uploaded .npy to S3 in 0.1s
2026-02-12 22:22:14,850 - INFO -     🗑️  Deleted raw .nc
2026-02-12 22:22:34,511 - INFO -     ⬇️  Downloaded NC_H08_20251112_0700_R21_FLDK.07001_06001.nc (624MB) in 19.6s
2026-02-12 22:22:34,529 - INFO -     ✂️  Cropped to (64, 64) in 0.0s → NC_H08_20251112_0700_R21_FLDK.07001_06001.npy
2026-02-12 22:22:34,592 - INFO -     ⬆️  Uploaded .npy to S3 in 0.1s
2026-02-12 22:22:34,598 - INFO -     🗑️  Deleted raw .nc
2026-02-12 22:22:54,698 - INFO -     ⬇️  Downloaded NC_H08_20251112_0710_R21_FLDK.07001_06001.nc (619MB) in 20.0s
2026-02-12 22:22:54,717 - INFO -     ✂️  Cropped to (64, 64) in 0.0s → NC_H08_20251112_0710_R21_FLDK.07001_06001.npy
2026-02-12 22:22:54,778 - INFO -     ⬆️  Uploaded .npy to S3 in 0.1s
2026-02-12 22:22:54,827 - INFO -     🗑️  Deleted raw .nc
2026-02-12 22:23:17,771 - INFO -     ⬇️  Downloaded NC_H08_20251112_0720_R21_FLDK.07001_06001.nc (615MB) in 22.9s
2026-02-12 22:23:17,807 - INFO -     ✂️  Cropped to (64, 64) in 0.0s → NC_H08_20251112_0720_R21_FLDK.07001_06001.npy
2026-02-12 22:23:17,957 - INFO -     ⬆️  Uploaded .npy to S3 in 0.1s
2026-02-12 22:23:17,963 - INFO -     🗑️  Deleted raw .nc
2026-02-12 22:23:37,805 - INFO -     ⬇️  Downloaded NC_H08_20251112_0730_R21_FLDK.07001_06001.nc (610MB) in 19.8s
2026-02-12 22:23:37,823 - INFO -     ✂️  Cropped to (64, 64) in 0.0s → NC_H08_20251112_0730_R21_FLDK.07001_06001.npy
2026-02-12 22:23:37,891 - INFO -     ⬆️  Uploaded .npy to S3 in 0.1s
2026-02-12 22:23:37,898 - INFO -     🗑️  Deleted raw .nc
2026-02-12 22:24:00,845 - INFO -     ⬇️  Downloaded NC_H08_20251112_0750_R21_FLDK.07001_06001.nc (600MB) in 22.9s
2026-02-12 22:24:00,863 - INFO -     ✂️  Cropped to (64, 64) in 0.0s → NC_H08_20251112_0750_R21_FLDK.07001_06001.npy
2026-02-12 22:24:00,915 - INFO -     ⬆️  Uploaded .npy to S3 in 0.1s
2026-02-12 22:24:00,921 - INFO -     🗑️  Deleted raw .nc
2026-02-12 22:24:19,863 - INFO -     ⬇️  Downloaded NC_H08_20251112_1020_R21_FLDK.07001_06001.nc (533MB) in 18.8s
2026-02-12 22:24:19,883 - INFO -     ✂️  Cropped to (64, 64) in 0.0s → NC_H08_20251112_1020_R21_FLDK.07001_06001.npy
2026-02-12 22:24:19,963 - INFO -     ⬆️  Uploaded .npy to S3 in 0.1s
2026-02-12 22:24:19,971 - INFO -     🗑️  Deleted raw .nc
2026-02-12 22:24:37,959 - INFO -     ⬇️  Downloaded NC_H08_20251112_1030_R21_FLDK.07001_06001.nc (529MB) in 17.9s
2026-02-12 22:24:37,977 - INFO -     ✂️  Cropped to (64, 64) in 0.0s → NC_H08_20251112_1030_R21_FLDK.07001_06001.npy
2026-02-12 22:24:38,134 - INFO -     ⬆️  Uploaded .npy to S3 in 0.2s
2026-02-12 22:24:38,140 - INFO -     🗑️  Deleted raw .nc
2026-02-12 22:24:57,599 - INFO -     ⬇️  Downloaded NC_H08_20251112_1040_R21_FLDK.07001_06001.nc (525MB) in 19.4s
2026-02-12 22:24:57,617 - INFO -     ✂️  Cropped to (64, 64) in 0.0s → NC_H08_20251112_1040_R21_FLDK.07001_06001.npy
2026-02-12 22:24:57,670 - INFO -     ⬆️  Uploaded .npy to S3 in 0.1s
2026-02-12 22:24:57,677 - INFO -     🗑️  Deleted raw .nc
2026-02-12 22:25:17,735 - INFO -     ⬇️  Downloaded NC_H08_20251112_1420_R21_FLDK.07001_06001.nc (473MB) in 20.0s
2026-02-12 22:25:17,761 - INFO -     ✂️  Cropped to (64, 64) in 0.0s → NC_H08_20251112_1420_R21_FLDK.07001_06001.npy
2026-02-12 22:25:17,814 - INFO -     ⬆️  Uploaded .npy to S3 in 0.1s
2026-02-12 22:25:17,820 - INFO -     🗑️  Deleted raw .nc
2026-02-12 22:25:33,445 - INFO -     ⬇️  Downloaded NC_H08_20251112_1510_R21_FLDK.07001_06001.nc (461MB) in 15.5s
2026-02-12 22:25:33,463 - INFO -     ✂️  Cropped to (64, 64) in 0.0s → NC_H08_20251112_1510_R21_FLDK.07001_06001.npy
2026-02-12 22:25:33,520 - INFO -     ⬆️  Uploaded .npy to S3 in 0.1s
2026-02-12 22:25:33,525 - INFO -     🗑️  Deleted raw .nc
2026-02-12 22:25:49,447 - INFO -     ⬇️  Downloaded NC_H08_20251112_1520_R21_FLDK.07001_06001.nc (460MB) in 15.8s
2026-02-12 22:25:49,470 - INFO -     ✂️  Cropped to (64, 64) in 0.0s → NC_H08_20251112_1520_R21_FLDK.07001_06001.npy
2026-02-12 22:25:49,522 - INFO -     ⬆️  Uploaded .npy to S3 in 0.1s
2026-02-12 22:25:49,529 - INFO -     🗑️  Deleted raw .nc
2026-02-12 22:26:06,310 - INFO -     ⬇️  Downloaded NC_H08_20251112_1530_R21_FLDK.07001_06001.nc (460MB) in 16.7s
2026-02-12 22:26:06,328 - INFO -     ✂️  Cropped to (64, 64) in 0.0s → NC_H08_20251112_1530_R21_FLDK.07001_06001.npy
2026-02-12 22:26:06,385 - INFO -     ⬆️  Uploaded .npy to S3 in 0.1s
2026-02-12 22:26:06,390 - INFO -     🗑️  Deleted raw .nc
2026-02-12 22:26:24,619 - INFO -     ⬇️  Downloaded NC_H08_20251112_1540_R21_FLDK.07001_06001.nc (464MB) in 18.1s
2026-02-12 22:26:24,638 - INFO -     ✂️  Cropped to (64, 64) in 0.0s → NC_H08_20251112_1540_R21_FLDK.07001_06001.npy
2026-02-12 22:26:24,797 - INFO -     ⬆️  Uploaded .npy to S3 in 0.2s
2026-02-12 22:26:24,804 - INFO -     🗑️  Deleted raw .nc
2026-02-12 22:26:42,742 - INFO -     ⬇️  Downloaded NC_H08_20251112_1550_R21_FLDK.07001_06001.nc (470MB) in 17.8s
2026-02-12 22:26:42,773 - INFO -     ✂️  Cropped to (64, 64) in 0.0s → NC_H08_20251112_1550_R21_FLDK.07001_06001.npy
2026-02-12 22:26:42,836 - INFO -     ⬆️  Uploaded .npy to S3 in 0.1s
2026-02-12 22:26:42,851 - INFO -     🗑️  Deleted raw .nc
2026-02-12 22:26:59,319 - INFO -     ⬇️  Downloaded NC_H08_20251112_1600_R21_FLDK.07001_06001.nc (476MB) in 16.4s
2026-02-12 22:26:59,338 - INFO -     ✂️  Cropped to (64, 64) in 0.0s → NC_H08_20251112_1600_R21_FLDK.07001_06001.npy
2026-02-12 22:26:59,392 - INFO -     ⬆️  Uploaded .npy to S3 in 0.1s
2026-02-12 22:26:59,399 - INFO -     🗑️  Deleted raw .nc
2026-02-12 22:27:16,525 - INFO -     ⬇️  Downloaded NC_H08_20251112_1610_R21_FLDK.07001_06001.nc (481MB) in 17.0s
2026-02-12 22:27:16,551 - INFO -     ✂️  Cropped to (64, 64) in 0.0s → NC_H08_20251112_1610_R21_FLDK.07001_06001.npy
2026-02-12 22:27:16,608 - INFO -     ⬆️  Uploaded .npy to S3 in 0.1s
2026-02-12 22:27:16,615 - INFO -     🗑️  Deleted raw .nc
2026-02-12 22:27:35,640 - INFO -     ⬇️  Downloaded NC_H08_20251112_1620_R21_FLDK.07001_06001.nc (485MB) in 18.9s
2026-02-12 22:27:35,657 - INFO -     ✂️  Cropped to (64, 64) in 0.0s → NC_H08_20251112_1620_R21_FLDK.07001_06001.npy
2026-02-12 22:27:35,716 - INFO -     ⬆️  Uploaded .npy to S3 in 0.1s
2026-02-12 22:27:35,750 - INFO -     🗑️  Deleted raw .nc
2026-02-12 22:27:55,266 - INFO -     ⬇️  Downloaded NC_H08_20251112_1630_R21_FLDK.07001_06001.nc (489MB) in 19.4s
2026-02-12 22:27:55,286 - INFO -     ✂️  Cropped to (64, 64) in 0.0s → NC_H08_20251112_1630_R21_FLDK.07001_06001.npy
2026-02-12 22:27:55,348 - INFO -     ⬆️  Uploaded .npy to S3 in 0.1s
2026-02-12 22:27:55,354 - INFO -     🗑️  Deleted raw .nc
2026-02-12 22:28:16,104 - INFO -     ⬇️  Downloaded NC_H08_20251112_1640_R21_FLDK.07001_06001.nc (493MB) in 20.7s
2026-02-12 22:28:16,132 - INFO -     ✂️  Cropped to (64, 64) in 0.0s → NC_H08_20251112_1640_R21_FLDK.07001_06001.npy
2026-02-12 22:28:16,178 - INFO -     ⬆️  Uploaded .npy to S3 in 0.0s
2026-02-12 22:28:16,185 - INFO -     🗑️  Deleted raw .nc
2026-02-12 22:28:35,175 - INFO -     ⬇️  Downloaded NC_H08_20251112_1650_R21_FLDK.07001_06001.nc (497MB) in 18.9s
2026-02-12 22:28:35,194 - INFO -     ✂️  Cropped to (64, 64) in 0.0s → NC_H08_20251112_1650_R21_FLDK.07001_06001.npy
2026-02-12 22:28:35,245 - INFO -     ⬆️  Uploaded .npy to S3 in 0.1s
2026-02-12 22:28:35,250 - INFO -     🗑️  Deleted raw .nc
2026-02-12 22:28:52,980 - INFO -     ⬇️  Downloaded NC_H08_20251112_1700_R21_FLDK.07001_06001.nc (502MB) in 17.6s
2026-02-12 22:28:53,001 - INFO -     ✂️  Cropped to (64, 64) in 0.0s → NC_H08_20251112_1700_R21_FLDK.07001_06001.npy
2026-02-12 22:28:53,055 - INFO -     ⬆️  Uploaded .npy to S3 in 0.1s
2026-02-12 22:28:53,061 - INFO -     🗑️  Deleted raw .nc
2026-02-12 22:29:14,225 - INFO -     ⬇️  Downloaded NC_H08_20251112_1710_R21_FLDK.07001_06001.nc (507MB) in 21.1s
2026-02-12 22:29:14,243 - INFO -     ✂️  Cropped to (64, 64) in 0.0s → NC_H08_20251112_1710_R21_FLDK.07001_06001.npy
2026-02-12 22:29:14,304 - INFO -     ⬆️  Uploaded .npy to S3 in 0.1s
2026-02-12 22:29:14,309 - INFO -     🗑️  Deleted raw .nc
2026-02-12 22:29:33,552 - INFO -     ⬇️  Downloaded NC_H08_20251112_1720_R21_FLDK.07001_06001.nc (511MB) in 19.1s
2026-02-12 22:29:33,570 - INFO -     ✂️  Cropped to (64, 64) in 0.0s → NC_H08_20251112_1720_R21_FLDK.07001_06001.npy
2026-02-12 22:29:33,651 - INFO -     ⬆️  Uploaded .npy to S3 in 0.1s
2026-02-12 22:29:33,658 - INFO -     🗑️  Deleted raw .nc
2026-02-12 22:29:53,074 - INFO -     ⬇️  Downloaded NC_H08_20251112_1730_R21_FLDK.07001_06001.nc (516MB) in 19.3s
2026-02-12 22:29:53,095 - INFO -     ✂️  Cropped to (64, 64) in 0.0s → NC_H08_20251112_1730_R21_FLDK.07001_06001.npy
2026-02-12 22:29:53,252 - INFO -     ⬆️  Uploaded .npy to S3 in 0.2s
2026-02-12 22:29:53,259 - INFO -     🗑️  Deleted raw .nc
2026-02-12 22:30:17,012 - INFO -     ⬇️  Downloaded NC_H08_20251112_1740_R21_FLDK.07001_06001.nc (521MB) in 23.7s
2026-02-12 22:30:17,040 - INFO -     ✂️  Cropped to (64, 64) in 0.0s → NC_H08_20251112_1740_R21_FLDK.07001_06001.npy
2026-02-12 22:30:17,094 - INFO -     ⬆️  Uploaded .npy to S3 in 0.1s
2026-02-12 22:30:17,101 - INFO -     🗑️  Deleted raw .nc
2026-02-12 22:30:36,488 - INFO -     ⬇️  Downloaded NC_H08_20251112_1750_R21_FLDK.07001_06001.nc (525MB) in 19.3s
2026-02-12 22:30:36,506 - INFO -     ✂️  Cropped to (64, 64) in 0.0s → NC_H08_20251112_1750_R21_FLDK.07001_06001.npy
2026-02-12 22:30:36,652 - INFO -     ⬆️  Uploaded .npy to S3 in 0.1s
2026-02-12 22:30:36,674 - INFO -     🗑️  Deleted raw .nc
2026-02-12 22:30:57,521 - INFO -     ⬇️  Downloaded NC_H08_20251112_1800_R21_FLDK.07001_06001.nc (529MB) in 20.8s
2026-02-12 22:30:57,541 - INFO -     ✂️  Cropped to (64, 64) in 0.0s → NC_H08_20251112_1800_R21_FLDK.07001_06001.npy
2026-02-12 22:30:57,715 - INFO -     ⬆️  Uploaded .npy to S3 in 0.2s
2026-02-12 22:30:57,722 - INFO -     🗑️  Deleted raw .nc
2026-02-12 22:31:18,204 - INFO -     ⬇️  Downloaded NC_H08_20251112_1810_R21_FLDK.07001_06001.nc (533MB) in 20.4s
2026-02-12 22:31:18,229 - INFO -     ✂️  Cropped to (64, 64) in 0.0s → NC_H08_20251112_1810_R21_FLDK.07001_06001.npy
2026-02-12 22:31:18,292 - INFO -     ⬆️  Uploaded .npy to S3 in 0.1s
2026-02-12 22:31:18,299 - INFO -     🗑️  Deleted raw .nc
2026-02-12 22:31:36,401 - INFO -     ⬇️  Downloaded NC_H08_20251112_1820_R21_FLDK.07001_06001.nc (538MB) in 18.0s
2026-02-12 22:31:36,419 - INFO -     ✂️  Cropped to (64, 64) in 0.0s → NC_H08_20251112_1820_R21_FLDK.07001_06001.npy
2026-02-12 22:31:36,481 - INFO -     ⬆️  Uploaded .npy to S3 in 0.1s
2026-02-12 22:31:36,488 - INFO -     🗑️  Deleted raw .nc
2026-02-12 22:31:57,775 - INFO -     ⬇️  Downloaded NC_H08_20251112_1830_R21_FLDK.07001_06001.nc (542MB) in 21.2s
2026-02-12 22:31:57,794 - INFO -     ✂️  Cropped to (64, 64) in 0.0s → NC_H08_20251112_1830_R21_FLDK.07001_06001.npy
2026-02-12 22:31:57,849 - INFO -     ⬆️  Uploaded .npy to S3 in 0.1s
2026-02-12 22:31:57,855 - INFO -     🗑️  Deleted raw .nc
2026-02-12 22:32:18,972 - INFO -     ⬇️  Downloaded NC_H08_20251112_1840_R21_FLDK.07001_06001.nc (546MB) in 21.0s
2026-02-12 22:32:18,997 - INFO -     ✂️  Cropped to (64, 64) in 0.0s → NC_H08_20251112_1840_R21_FLDK.07001_06001.npy
2026-02-12 22:32:19,057 - INFO -     ⬆️  Uploaded .npy to S3 in 0.1s
2026-02-12 22:32:19,063 - INFO -     🗑️  Deleted raw .nc
2026-02-12 22:32:40,497 - INFO -     ⬇️  Downloaded NC_H08_20251112_1850_R21_FLDK.07001_06001.nc (550MB) in 21.4s
2026-02-12 22:32:40,534 - INFO -     ✂️  Cropped to (64, 64) in 0.0s → NC_H08_20251112_1850_R21_FLDK.07001_06001.npy
2026-02-12 22:32:40,600 - INFO -     ⬆️  Uploaded .npy to S3 in 0.1s
2026-02-12 22:32:40,607 - INFO -     🗑️  Deleted raw .nc
2026-02-12 22:32:59,840 - INFO -     ⬇️  Downloaded NC_H08_20251112_1900_R21_FLDK.07001_06001.nc (554MB) in 19.1s
2026-02-12 22:32:59,858 - INFO -     ✂️  Cropped to (64, 64) in 0.0s → NC_H08_20251112_1900_R21_FLDK.07001_06001.npy
2026-02-12 22:32:59,918 - INFO -     ⬆️  Uploaded .npy to S3 in 0.1s
2026-02-12 22:32:59,925 - INFO -     🗑️  Deleted raw .nc
2026-02-12 22:33:21,043 - INFO -     ⬇️  Downloaded NC_H08_20251112_1910_R21_FLDK.07001_06001.nc (558MB) in 21.0s
2026-02-12 22:33:21,062 - INFO -     ✂️  Cropped to (64, 64) in 0.0s → NC_H08_20251112_1910_R21_FLDK.07001_06001.npy
2026-02-12 22:33:21,114 - INFO -     ⬆️  Uploaded .npy to S3 in 0.1s
2026-02-12 22:33:21,122 - INFO -     🗑️  Deleted raw .nc
2026-02-12 22:33:39,753 - INFO -     ⬇️  Downloaded NC_H08_20251112_1920_R21_FLDK.07001_06001.nc (562MB) in 18.5s
2026-02-12 22:33:39,770 - INFO -     ✂️  Cropped to (64, 64) in 0.0s → NC_H08_20251112_1920_R21_FLDK.07001_06001.npy
2026-02-12 22:33:39,829 - INFO -     ⬆️  Uploaded .npy to S3 in 0.1s
2026-02-12 22:33:39,835 - INFO -     🗑️  Deleted raw .nc
2026-02-12 22:33:58,021 - INFO -     ⬇️  Downloaded NC_H08_20251112_1930_R21_FLDK.07001_06001.nc (566MB) in 18.1s
2026-02-12 22:33:58,039 - INFO -     ✂️  Cropped to (64, 64) in 0.0s → NC_H08_20251112_1930_R21_FLDK.07001_06001.npy
2026-02-12 22:33:58,104 - INFO -     ⬆️  Uploaded .npy to S3 in 0.1s
2026-02-12 22:33:58,110 - INFO -     🗑️  Deleted raw .nc
2026-02-12 22:34:18,174 - INFO -     ⬇️  Downloaded NC_H08_20251112_1940_R21_FLDK.07001_06001.nc (570MB) in 20.0s
2026-02-12 22:34:18,199 - INFO -     ✂️  Cropped to (64, 64) in 0.0s → NC_H08_20251112_1940_R21_FLDK.07001_06001.npy
2026-02-12 22:34:18,272 - INFO -     ⬆️  Uploaded .npy to S3 in 0.1s
2026-02-12 22:34:18,280 - INFO -     🗑️  Deleted raw .nc
2026-02-12 22:34:34,697 - INFO -     ⬇️  Downloaded NC_H08_20251112_1950_R21_FLDK.07001_06001.nc (574MB) in 16.3s
2026-02-12 22:34:34,715 - INFO -     ✂️  Cropped to (64, 64) in 0.0s → NC_H08_20251112_1950_R21_FLDK.07001_06001.npy
2026-02-12 22:34:34,773 - INFO -     ⬆️  Uploaded .npy to S3 in 0.1s
2026-02-12 22:34:34,800 - INFO -     🗑️  Deleted raw .nc
2026-02-12 22:34:51,265 - INFO -     ⬇️  Downloaded NC_H08_20251112_2000_R21_FLDK.07001_06001.nc (578MB) in 16.4s
2026-02-12 22:34:51,286 - INFO -     ✂️  Cropped to (64, 64) in 0.0s → NC_H08_20251112_2000_R21_FLDK.07001_06001.npy
2026-02-12 22:34:51,339 - INFO -     ⬆️  Uploaded .npy to S3 in 0.1s
2026-02-12 22:34:51,345 - INFO -     🗑️  Deleted raw .nc
2026-02-12 22:35:10,379 - INFO -     ⬇️  Downloaded NC_H08_20251112_2010_R21_FLDK.07001_06001.nc (582MB) in 19.0s
2026-02-12 22:35:10,417 - INFO -     ✂️  Cropped to (64, 64) in 0.0s → NC_H08_20251112_2010_R21_FLDK.07001_06001.npy
2026-02-12 22:35:10,473 - INFO -     ⬆️  Uploaded .npy to S3 in 0.1s
2026-02-12 22:35:10,481 - INFO -     🗑️  Deleted raw .nc
2026-02-12 22:35:28,439 - INFO -     ⬇️  Downloaded NC_H08_20251112_2020_R21_FLDK.07001_06001.nc (586MB) in 17.9s
2026-02-12 22:35:28,457 - INFO -     ✂️  Cropped to (64, 64) in 0.0s → NC_H08_20251112_2020_R21_FLDK.07001_06001.npy
2026-02-12 22:35:28,537 - INFO -     ⬆️  Uploaded .npy to S3 in 0.1s
2026-02-12 22:35:28,543 - INFO -     🗑️  Deleted raw .nc
2026-02-12 22:35:46,381 - INFO -     ⬇️  Downloaded NC_H08_20251112_2030_R21_FLDK.07001_06001.nc (590MB) in 17.7s
2026-02-12 22:35:46,408 - INFO -     ✂️  Cropped to (64, 64) in 0.0s → NC_H08_20251112_2030_R21_FLDK.07001_06001.npy
2026-02-12 22:35:46,520 - INFO -     ⬆️  Uploaded .npy to S3 in 0.1s
2026-02-12 22:35:46,528 - INFO -     🗑️  Deleted raw .nc
2026-02-12 22:36:05,717 - INFO -     ⬇️  Downloaded NC_H08_20251112_2040_R21_FLDK.07001_06001.nc (594MB) in 19.1s
2026-02-12 22:36:05,735 - INFO -     ✂️  Cropped to (64, 64) in 0.0s → NC_H08_20251112_2040_R21_FLDK.07001_06001.npy
2026-02-12 22:36:05,851 - INFO -     ⬆️  Uploaded .npy to S3 in 0.1s
2026-02-12 22:36:05,857 - INFO -     🗑️  Deleted raw .nc
2026-02-12 22:36:23,868 - INFO -     ⬇️  Downloaded NC_H08_20251112_2050_R21_FLDK.07001_06001.nc (598MB) in 17.9s
2026-02-12 22:36:23,887 - INFO -     ✂️  Cropped to (64, 64) in 0.0s → NC_H08_20251112_2050_R21_FLDK.07001_06001.npy
2026-02-12 22:36:23,948 - INFO -     ⬆️  Uploaded .npy to S3 in 0.1s
2026-02-12 22:36:23,956 - INFO -     🗑️  Deleted raw .nc
2026-02-12 22:36:42,501 - INFO -     ⬇️  Downloaded NC_H08_20251112_2100_R21_FLDK.07001_06001.nc (603MB) in 18.5s
2026-02-12 22:36:42,529 - INFO -     ✂️  Cropped to (64, 64) in 0.0s → NC_H08_20251112_2100_R21_FLDK.07001_06001.npy
2026-02-12 22:36:42,582 - INFO -     ⬆️  Uploaded .npy to S3 in 0.1s
2026-02-12 22:36:42,590 - INFO -     🗑️  Deleted raw .nc
2026-02-12 22:37:02,647 - INFO -     ⬇️  Downloaded NC_H08_20251112_2110_R21_FLDK.07001_06001.nc (607MB) in 20.0s
2026-02-12 22:37:02,664 - INFO -     ✂️  Cropped to (64, 64) in 0.0s → NC_H08_20251112_2110_R21_FLDK.07001_06001.npy
2026-02-12 22:37:02,714 - INFO -     ⬆️  Uploaded .npy to S3 in 0.0s
2026-02-12 22:37:02,721 - INFO -     🗑️  Deleted raw .nc
2026-02-12 22:37:22,983 - INFO -     ⬇️  Downloaded NC_H08_20251112_2120_R21_FLDK.07001_06001.nc (611MB) in 20.2s
2026-02-12 22:37:23,002 - INFO -     ✂️  Cropped to (64, 64) in 0.0s → NC_H08_20251112_2120_R21_FLDK.07001_06001.npy
2026-02-12 22:37:23,056 - INFO -     ⬆️  Uploaded .npy to S3 in 0.1s
2026-02-12 22:37:23,064 - INFO -     🗑️  Deleted raw .nc
2026-02-12 22:37:43,532 - INFO -     ⬇️  Downloaded NC_H08_20251112_2130_R21_FLDK.07001_06001.nc (616MB) in 20.4s
2026-02-12 22:37:43,564 - INFO -     ✂️  Cropped to (64, 64) in 0.0s → NC_H08_20251112_2130_R21_FLDK.07001_06001.npy
2026-02-12 22:37:43,623 - INFO -     ⬆️  Uploaded .npy to S3 in 0.1s
2026-02-12 22:37:43,629 - INFO -     🗑️  Deleted raw .nc
2026-02-12 22:38:03,322 - INFO -     ⬇️  Downloaded NC_H08_20251112_2140_R21_FLDK.07001_06001.nc (620MB) in 19.6s
2026-02-12 22:38:03,339 - INFO -     ✂️  Cropped to (64, 64) in 0.0s → NC_H08_20251112_2140_R21_FLDK.07001_06001.npy
2026-02-12 22:38:03,460 - INFO -     ⬆️  Uploaded .npy to S3 in 0.1s
2026-02-12 22:38:03,468 - INFO -     🗑️  Deleted raw .nc
2026-02-12 22:38:22,797 - INFO -     ⬇️  Downloaded NC_H08_20251112_2200_R21_FLDK.07001_06001.nc (629MB) in 19.2s
2026-02-12 22:38:22,818 - INFO -     ✂️  Cropped to (64, 64) in 0.0s → NC_H08_20251112_2200_R21_FLDK.07001_06001.npy
2026-02-12 22:38:22,883 - INFO -     ⬆️  Uploaded .npy to S3 in 0.1s
2026-02-12 22:38:22,892 - INFO -     🗑️  Deleted raw .nc
2026-02-12 22:38:43,581 - INFO -     ⬇️  Downloaded NC_H08_20251112_2240_R21_FLDK.07001_06001.nc (647MB) in 20.5s
2026-02-12 22:38:43,603 - INFO -     ✂️  Cropped to (64, 64) in 0.0s → NC_H08_20251112_2240_R21_FLDK.07001_06001.npy
2026-02-12 22:38:43,657 - INFO -     ⬆️  Uploaded .npy to S3 in 0.1s
2026-02-12 22:38:43,666 - INFO -     🗑️  Deleted raw .nc
2026-02-12 22:39:06,529 - INFO -     ⬇️  Downloaded NC_H08_20251112_2310_R21_FLDK.07001_06001.nc (661MB) in 22.8s
2026-02-12 22:39:06,547 - INFO -     ✂️  Cropped to (64, 64) in 0.0s → NC_H08_20251112_2310_R21_FLDK.07001_06001.npy
2026-02-12 22:39:06,607 - INFO -     ⬆️  Uploaded .npy to S3 in 0.1s
2026-02-12 22:39:06,616 - INFO -     🗑️  Deleted raw .nc
2026-02-12 22:39:28,660 - INFO -     ⬇️  Downloaded NC_H08_20251112_2340_R21_FLDK.07001_06001.nc (675MB) in 21.9s
2026-02-12 22:39:28,678 - INFO -     ✂️  Cropped to (64, 64) in 0.0s → NC_H08_20251112_2340_R21_FLDK.07001_06001.npy
2026-02-12 22:39:28,736 - INFO -     ⬆️  Uploaded .npy to S3 in 0.1s
2026-02-12 22:39:28,743 - INFO -     🗑️  Deleted raw .nc
2026-02-12 22:39:28,743 - INFO -   2025-11-12: processed=58, skipped=0, time=1141.1s
2026-02-12 22:39:28,744 - INFO - 
[29/48] Processing 2025-11-13 (47 slots, 741.2mm)
2026-02-12 22:39:54,380 - INFO -     ⬇️  Downloaded NC_H08_20251113_0040_R21_FLDK.07001_06001.nc (697MB) in 25.6s
2026-02-12 22:39:54,402 - INFO -     ✂️  Cropped to (64, 64) in 0.0s → NC_H08_20251113_0040_R21_FLDK.07001_06001.npy
2026-02-12 22:39:54,454 - INFO -     ⬆️  Uploaded .npy to S3 in 0.1s
2026-02-12 22:39:54,462 - INFO -     🗑️  Deleted raw .nc
2026-02-12 22:40:19,907 - INFO -     ⬇️  Downloaded NC_H08_20251113_0110_R21_FLDK.07001_06001.nc (703MB) in 25.4s
2026-02-12 22:40:19,931 - INFO -     ✂️  Cropped to (64, 64) in 0.0s → NC_H08_20251113_0110_R21_FLDK.07001_06001.npy
2026-02-12 22:40:19,980 - INFO -     ⬆️  Uploaded .npy to S3 in 0.0s
2026-02-12 22:40:19,992 - INFO -     🗑️  Deleted raw .nc
2026-02-12 22:40:46,517 - INFO -     ⬇️  Downloaded NC_H08_20251113_0350_R21_FLDK.07001_06001.nc (704MB) in 26.5s
2026-02-12 22:40:46,544 - INFO -     ✂️  Cropped to (64, 64) in 0.0s → NC_H08_20251113_0350_R21_FLDK.07001_06001.npy
2026-02-12 22:40:46,621 - INFO -     ⬆️  Uploaded .npy to S3 in 0.1s
2026-02-12 22:40:46,631 - INFO -     🗑️  Deleted raw .nc
2026-02-12 22:41:10,814 - INFO -     ⬇️  Downloaded NC_H08_20251113_0540_R21_FLDK.07001_06001.nc (661MB) in 24.1s
2026-02-12 22:41:10,835 - INFO -     ✂️  Cropped to (64, 64) in 0.0s → NC_H08_20251113_0540_R21_FLDK.07001_06001.npy
2026-02-12 22:41:10,948 - INFO -     ⬆️  Uploaded .npy to S3 in 0.1s
2026-02-12 22:41:10,961 - INFO -     🗑️  Deleted raw .nc
2026-02-12 22:41:33,826 - INFO -     ⬇️  Downloaded NC_H08_20251113_0840_R21_FLDK.07001_06001.nc (577MB) in 22.8s
2026-02-12 22:41:33,906 - INFO -     ✂️  Cropped to (64, 64) in 0.0s → NC_H08_20251113_0840_R21_FLDK.07001_06001.npy
2026-02-12 22:41:34,109 - INFO -     ⬆️  Uploaded .npy to S3 in 0.2s
2026-02-12 22:41:34,118 - INFO -     🗑️  Deleted raw .nc
2026-02-12 22:41:58,456 - INFO -     ⬇️  Downloaded NC_H08_20251113_0920_R21_FLDK.07001_06001.nc (559MB) in 24.2s
2026-02-12 22:41:58,478 - INFO -     ✂️  Cropped to (64, 64) in 0.0s → NC_H08_20251113_0920_R21_FLDK.07001_06001.npy
2026-02-12 22:41:58,558 - INFO -     ⬆️  Uploaded .npy to S3 in 0.1s
2026-02-12 22:41:58,565 - INFO -     🗑️  Deleted raw .nc
2026-02-12 22:42:19,397 - INFO -     ⬇️  Downloaded NC_H08_20251113_1140_R21_FLDK.07001_06001.nc (499MB) in 20.8s
2026-02-12 22:42:19,422 - INFO -     ✂️  Cropped to (64, 64) in 0.0s → NC_H08_20251113_1140_R21_FLDK.07001_06001.npy
2026-02-12 22:42:19,478 - INFO -     ⬆️  Uploaded .npy to S3 in 0.1s
2026-02-12 22:42:19,483 - INFO -     🗑️  Deleted raw .nc
2026-02-12 22:42:40,752 - INFO -     ⬇️  Downloaded NC_H08_20251113_1150_R21_FLDK.07001_06001.nc (494MB) in 21.2s
2026-02-12 22:42:40,776 - INFO -     ✂️  Cropped to (64, 64) in 0.0s → NC_H08_20251113_1150_R21_FLDK.07001_06001.npy
2026-02-12 22:42:40,856 - INFO -     ⬆️  Uploaded .npy to S3 in 0.1s
2026-02-12 22:42:40,863 - INFO -     🗑️  Deleted raw .nc
2026-02-12 22:42:59,503 - INFO -     ⬇️  Downloaded NC_H08_20251113_1200_R21_FLDK.07001_06001.nc (490MB) in 18.5s
2026-02-12 22:42:59,524 - INFO -     ✂️  Cropped to (64, 64) in 0.0s → NC_H08_20251113_1200_R21_FLDK.07001_06001.npy
2026-02-12 22:42:59,675 - INFO -     ⬆️  Uploaded .npy to S3 in 0.2s
2026-02-12 22:42:59,682 - INFO -     🗑️  Deleted raw .nc
2026-02-12 22:43:19,461 - INFO -     ⬇️  Downloaded NC_H08_20251113_1210_R21_FLDK.07001_06001.nc (486MB) in 19.7s
2026-02-12 22:43:19,485 - INFO -     ✂️  Cropped to (64, 64) in 0.0s → NC_H08_20251113_1210_R21_FLDK.07001_06001.npy
2026-02-12 22:43:19,552 - INFO -     ⬆️  Uploaded .npy to S3 in 0.1s
2026-02-12 22:43:19,558 - INFO -     🗑️  Deleted raw .nc
2026-02-12 22:43:35,958 - INFO -     ⬇️  Downloaded NC_H08_20251113_1220_R21_FLDK.07001_06001.nc (482MB) in 16.3s
2026-02-12 22:43:35,979 - INFO -     ✂️  Cropped to (64, 64) in 0.0s → NC_H08_20251113_1220_R21_FLDK.07001_06001.npy
2026-02-12 22:43:36,044 - INFO -     ⬆️  Uploaded .npy to S3 in 0.1s
2026-02-12 22:43:36,049 - INFO -     🗑️  Deleted raw .nc
2026-02-12 22:43:55,680 - INFO -     ⬇️  Downloaded NC_H08_20251113_1230_R21_FLDK.07001_06001.nc (478MB) in 19.5s
2026-02-12 22:43:55,701 - INFO -     ✂️  Cropped to (64, 64) in 0.0s → NC_H08_20251113_1230_R21_FLDK.07001_06001.npy
2026-02-12 22:43:55,764 - INFO -     ⬆️  Uploaded .npy to S3 in 0.1s
2026-02-12 22:43:55,769 - INFO -     🗑️  Deleted raw .nc
2026-02-12 22:44:14,749 - INFO -     ⬇️  Downloaded NC_H08_20251113_1240_R21_FLDK.07001_06001.nc (475MB) in 18.9s
2026-02-12 22:44:14,778 - INFO -     ✂️  Cropped to (64, 64) in 0.0s → NC_H08_20251113_1240_R21_FLDK.07001_06001.npy
2026-02-12 22:44:14,834 - INFO -     ⬆️  Uploaded .npy to S3 in 0.1s
2026-02-12 22:44:14,842 - INFO -     🗑️  Deleted raw .nc
2026-02-12 22:44:33,461 - INFO -     ⬇️  Downloaded NC_H08_20251113_1250_R21_FLDK.07001_06001.nc (472MB) in 18.5s
2026-02-12 22:44:33,483 - INFO -     ✂️  Cropped to (64, 64) in 0.0s → NC_H08_20251113_1250_R21_FLDK.07001_06001.npy
2026-02-12 22:44:33,551 - INFO -     ⬆️  Uploaded .npy to S3 in 0.1s
2026-02-12 22:44:33,556 - INFO -     🗑️  Deleted raw .nc
2026-02-12 22:44:52,865 - INFO -     ⬇️  Downloaded NC_H08_20251113_1300_R21_FLDK.07001_06001.nc (470MB) in 19.2s
2026-02-12 22:44:52,890 - INFO -     ✂️  Cropped to (64, 64) in 0.0s → NC_H08_20251113_1300_R21_FLDK.07001_06001.npy
2026-02-12 22:44:52,951 - INFO -     ⬆️  Uploaded .npy to S3 in 0.1s
2026-02-12 22:44:52,959 - INFO -     🗑️  Deleted raw .nc
2026-02-12 22:45:11,941 - INFO -     ⬇️  Downloaded NC_H08_20251113_1310_R21_FLDK.07001_06001.nc (469MB) in 18.9s
2026-02-12 22:45:11,973 - INFO -     ✂️  Cropped to (64, 64) in 0.0s → NC_H08_20251113_1310_R21_FLDK.07001_06001.npy
2026-02-12 22:45:12,027 - INFO -     ⬆️  Uploaded .npy to S3 in 0.1s
2026-02-12 22:45:12,036 - INFO -     🗑️  Deleted raw .nc
2026-02-12 22:45:32,363 - INFO -     ⬇️  Downloaded NC_H08_20251113_1320_R21_FLDK.07001_06001.nc (469MB) in 20.2s
2026-02-12 22:45:32,385 - INFO -     ✂️  Cropped to (64, 64) in 0.0s → NC_H08_20251113_1320_R21_FLDK.07001_06001.npy
2026-02-12 22:45:32,536 - INFO -     ⬆️  Uploaded .npy to S3 in 0.2s
2026-02-12 22:45:32,541 - INFO -     🗑️  Deleted raw .nc
2026-02-12 22:45:52,408 - INFO -     ⬇️  Downloaded NC_H08_20251113_1330_R21_FLDK.07001_06001.nc (470MB) in 19.8s
2026-02-12 22:45:52,433 - INFO -     ✂️  Cropped to (64, 64) in 0.0s → NC_H08_20251113_1330_R21_FLDK.07001_06001.npy
2026-02-12 22:45:52,492 - INFO -     ⬆️  Uploaded .npy to S3 in 0.1s
2026-02-12 22:45:52,498 - INFO -     🗑️  Deleted raw .nc
2026-02-12 22:46:11,387 - INFO -     ⬇️  Downloaded NC_H08_20251113_1340_R21_FLDK.07001_06001.nc (471MB) in 18.8s
2026-02-12 22:46:11,422 - INFO -     ✂️  Cropped to (64, 64) in 0.0s → NC_H08_20251113_1340_R21_FLDK.07001_06001.npy
2026-02-12 22:46:11,476 - INFO -     ⬆️  Uploaded .npy to S3 in 0.1s
2026-02-12 22:46:11,484 - INFO -     🗑️  Deleted raw .nc
2026-02-12 22:46:26,859 - INFO -     ⬇️  Downloaded NC_H08_20251113_1350_R21_FLDK.07001_06001.nc (473MB) in 15.3s
2026-02-12 22:46:26,880 - INFO -     ✂️  Cropped to (64, 64) in 0.0s → NC_H08_20251113_1350_R21_FLDK.07001_06001.npy
2026-02-12 22:46:27,039 - INFO -     ⬆️  Uploaded .npy to S3 in 0.2s
2026-02-12 22:46:27,044 - INFO -     🗑️  Deleted raw .nc
2026-02-12 22:46:42,419 - INFO -     ⬇️  Downloaded NC_H08_20251113_1420_R21_FLDK.07001_06001.nc (472MB) in 15.3s
2026-02-12 22:46:42,450 - INFO -     ✂️  Cropped to (64, 64) in 0.0s → NC_H08_20251113_1420_R21_FLDK.07001_06001.npy
2026-02-12 22:46:42,519 - INFO -     ⬆️  Uploaded .npy to S3 in 0.1s
2026-02-12 22:46:42,524 - INFO -     🗑️  Deleted raw .nc
2026-02-12 22:46:58,833 - INFO -     ⬇️  Downloaded NC_H08_20251113_1430_R21_FLDK.07001_06001.nc (472MB) in 16.2s
2026-02-12 22:46:58,855 - INFO -     ✂️  Cropped to (64, 64) in 0.0s → NC_H08_20251113_1430_R21_FLDK.07001_06001.npy
2026-02-12 22:46:58,907 - INFO -     ⬆️  Uploaded .npy to S3 in 0.1s
2026-02-12 22:46:58,913 - INFO -     🗑️  Deleted raw .nc
2026-02-12 22:47:16,179 - INFO -     ⬇️  Downloaded NC_H08_20251113_1450_R21_FLDK.07001_06001.nc (469MB) in 17.1s
2026-02-12 22:47:16,201 - INFO -     ✂️  Cropped to (64, 64) in 0.0s → NC_H08_20251113_1450_R21_FLDK.07001_06001.npy
2026-02-12 22:47:16,261 - INFO -     ⬆️  Uploaded .npy to S3 in 0.1s
2026-02-12 22:47:16,265 - INFO -     🗑️  Deleted raw .nc
2026-02-12 22:47:31,623 - INFO -     ⬇️  Downloaded NC_H08_20251113_1500_R21_FLDK.07001_06001.nc (467MB) in 15.3s
2026-02-12 22:47:31,644 - INFO -     ✂️  Cropped to (64, 64) in 0.0s → NC_H08_20251113_1500_R21_FLDK.07001_06001.npy
2026-02-12 22:47:31,735 - INFO -     ⬆️  Uploaded .npy to S3 in 0.1s
2026-02-12 22:47:31,741 - INFO -     🗑️  Deleted raw .nc
2026-02-12 22:47:51,725 - INFO -     ⬇️  Downloaded NC_H08_20251113_1510_R21_FLDK.07001_06001.nc (462MB) in 19.9s
2026-02-12 22:47:51,750 - INFO -     ✂️  Cropped to (64, 64) in 0.0s → NC_H08_20251113_1510_R21_FLDK.07001_06001.npy
2026-02-12 22:47:51,815 - INFO -     ⬆️  Uploaded .npy to S3 in 0.1s
2026-02-12 22:47:51,821 - INFO -     🗑️  Deleted raw .nc
2026-02-12 22:48:15,340 - INFO -     ⬇️  Downloaded NC_H08_20251113_1520_R21_FLDK.07001_06001.nc (459MB) in 23.4s
2026-02-12 22:48:15,365 - INFO -     ✂️  Cropped to (64, 64) in 0.0s → NC_H08_20251113_1520_R21_FLDK.07001_06001.npy
2026-02-12 22:48:15,527 - INFO -     ⬆️  Uploaded .npy to S3 in 0.2s
2026-02-12 22:48:15,535 - INFO -     🗑️  Deleted raw .nc
2026-02-12 22:48:51,295 - INFO -     ⬇️  Downloaded NC_H08_20251113_1530_R21_FLDK.07001_06001.nc (459MB) in 35.5s
2026-02-12 22:48:51,319 - INFO -     ✂️  Cropped to (64, 64) in 0.0s → NC_H08_20251113_1530_R21_FLDK.07001_06001.npy
2026-02-12 22:48:51,697 - INFO -     ⬆️  Uploaded .npy to S3 in 0.4s
2026-02-12 22:48:51,705 - INFO -     🗑️  Deleted raw .nc
2026-02-12 22:49:34,735 - INFO -     ⬇️  Downloaded NC_H08_20251113_1540_R21_FLDK.07001_06001.nc (463MB) in 42.8s
2026-02-12 22:49:34,758 - INFO -     ✂️  Cropped to (64, 64) in 0.0s → NC_H08_20251113_1540_R21_FLDK.07001_06001.npy
2026-02-12 22:49:34,976 - INFO -     ⬆️  Uploaded .npy to S3 in 0.2s
2026-02-12 22:49:34,984 - INFO -     🗑️  Deleted raw .nc
2026-02-12 22:50:10,337 - INFO -     ⬇️  Downloaded NC_H08_20251113_1550_R21_FLDK.07001_06001.nc (469MB) in 35.3s
2026-02-12 22:50:10,359 - INFO -     ✂️  Cropped to (64, 64) in 0.0s → NC_H08_20251113_1550_R21_FLDK.07001_06001.npy
2026-02-12 22:50:10,850 - INFO -     ⬆️  Uploaded .npy to S3 in 0.5s
2026-02-12 22:50:10,858 - INFO -     🗑️  Deleted raw .nc
2026-02-12 22:50:58,915 - INFO -     ⬇️  Downloaded NC_H08_20251113_1600_R21_FLDK.07001_06001.nc (475MB) in 47.6s
2026-02-12 22:50:58,946 - INFO -     ✂️  Cropped to (64, 64) in 0.0s → NC_H08_20251113_1600_R21_FLDK.07001_06001.npy
2026-02-12 22:50:59,018 - INFO -     ⬆️  Uploaded .npy to S3 in 0.1s
2026-02-12 22:50:59,031 - INFO -     🗑️  Deleted raw .nc
2026-02-12 22:51:29,534 - INFO -     ⬇️  Downloaded NC_H08_20251113_1620_R21_FLDK.07001_06001.nc (484MB) in 30.3s
2026-02-12 22:51:29,559 - INFO -     ✂️  Cropped to (64, 64) in 0.0s → NC_H08_20251113_1620_R21_FLDK.07001_06001.npy
2026-02-12 22:51:31,244 - INFO -     ⬆️  Uploaded .npy to S3 in 1.7s
2026-02-12 22:51:31,261 - INFO -     🗑️  Deleted raw .nc
2026-02-12 22:51:34,626 - INFO -   2025-11-13: processed=31, skipped=15, time=725.9s
2026-02-12 22:51:34,627 - INFO - 
[30/48] Processing 2025-11-14 (50 slots, 874.4mm)
2026-02-12 22:52:22,843 - INFO -     ⬇️  Downloaded NC_H08_20251114_0130_R21_FLDK.07001_06001.nc (701MB) in 48.1s
2026-02-12 22:52:22,876 - INFO -     ✂️  Cropped to (64, 64) in 0.0s → NC_H08_20251114_0130_R21_FLDK.07001_06001.npy
2026-02-12 22:52:23,560 - INFO -     ⬆️  Uploaded .npy to S3 in 0.7s
2026-02-12 22:52:23,578 - INFO -     🗑️  Deleted raw .nc
2026-02-12 22:53:11,343 - INFO -     ⬇️  Downloaded NC_H08_20251114_0740_R21_FLDK.07001_06001.nc (601MB) in 47.4s
2026-02-12 22:53:11,375 - INFO -     ✂️  Cropped to (64, 64) in 0.0s → NC_H08_20251114_0740_R21_FLDK.07001_06001.npy
2026-02-12 22:53:12,032 - INFO -     ⬆️  Uploaded .npy to S3 in 0.7s
2026-02-12 22:53:12,043 - INFO -     🗑️  Deleted raw .nc
2026-02-12 22:53:53,496 - INFO -     ⬇️  Downloaded NC_H08_20251114_0750_R21_FLDK.07001_06001.nc (596MB) in 41.2s
2026-02-12 22:53:53,517 - INFO -     ✂️  Cropped to (64, 64) in 0.0s → NC_H08_20251114_0750_R21_FLDK.07001_06001.npy
2026-02-12 22:53:54,010 - INFO -     ⬆️  Uploaded .npy to S3 in 0.5s
2026-02-12 22:53:54,022 - INFO -     🗑️  Deleted raw .nc
2026-02-12 22:54:33,122 - INFO -     ⬇️  Downloaded NC_H08_20251114_0830_R21_FLDK.07001_06001.nc (577MB) in 38.7s
2026-02-12 22:54:33,141 - INFO -     ✂️  Cropped to (64, 64) in 0.0s → NC_H08_20251114_0830_R21_FLDK.07001_06001.npy
2026-02-12 22:54:33,750 - INFO -     ⬆️  Uploaded .npy to S3 in 0.6s
2026-02-12 22:54:33,765 - INFO -     🗑️  Deleted raw .nc
2026-02-12 22:55:20,424 - INFO -     ⬇️  Downloaded NC_H08_20251114_0910_R21_FLDK.07001_06001.nc (559MB) in 46.0s
2026-02-12 22:55:20,454 - INFO -     ✂️  Cropped to (64, 64) in 0.0s → NC_H08_20251114_0910_R21_FLDK.07001_06001.npy
2026-02-12 22:55:21,027 - INFO -     ⬆️  Uploaded .npy to S3 in 0.6s
2026-02-12 22:55:21,048 - INFO -     🗑️  Deleted raw .nc
2026-02-12 22:55:53,271 - INFO -     ⬇️  Downloaded NC_H08_20251114_0920_R21_FLDK.07001_06001.nc (554MB) in 31.8s
2026-02-12 22:55:53,295 - INFO -     ✂️  Cropped to (64, 64) in 0.0s → NC_H08_20251114_0920_R21_FLDK.07001_06001.npy
2026-02-12 22:55:53,893 - INFO -     ⬆️  Uploaded .npy to S3 in 0.6s
2026-02-12 22:55:53,912 - INFO -     🗑️  Deleted raw .nc
2026-02-12 22:56:40,357 - INFO -     ⬇️  Downloaded NC_H08_20251114_1050_R21_FLDK.07001_06001.nc (515MB) in 46.1s
2026-02-12 22:56:40,441 - INFO -     ✂️  Cropped to (64, 64) in 0.1s → NC_H08_20251114_1050_R21_FLDK.07001_06001.npy
2026-02-12 22:56:41,423 - INFO -     ⬆️  Uploaded .npy to S3 in 1.0s
2026-02-12 22:56:41,436 - INFO -     🗑️  Deleted raw .nc
2026-02-12 22:57:17,460 - INFO -     ⬇️  Downloaded NC_H08_20251114_1250_R21_FLDK.07001_06001.nc (467MB) in 35.5s
2026-02-12 22:57:17,482 - INFO -     ✂️  Cropped to (64, 64) in 0.0s → NC_H08_20251114_1250_R21_FLDK.07001_06001.npy
2026-02-12 22:57:17,891 - INFO -     ⬆️  Uploaded .npy to S3 in 0.4s
2026-02-12 22:57:17,904 - INFO -     🗑️  Deleted raw .nc
2026-02-12 22:57:43,677 - INFO -     ⬇️  Downloaded NC_H08_20251114_1300_R21_FLDK.07001_06001.nc (465MB) in 25.6s
2026-02-12 22:57:43,697 - INFO -     ✂️  Cropped to (64, 64) in 0.0s → NC_H08_20251114_1300_R21_FLDK.07001_06001.npy
2026-02-12 22:57:44,053 - INFO -     ⬆️  Uploaded .npy to S3 in 0.4s
2026-02-12 22:57:44,061 - INFO -     🗑️  Deleted raw .nc
2026-02-12 22:58:27,284 - INFO -     ⬇️  Downloaded NC_H08_20251114_1310_R21_FLDK.07001_06001.nc (464MB) in 43.0s
2026-02-12 22:58:27,307 - INFO -     ✂️  Cropped to (64, 64) in 0.0s → NC_H08_20251114_1310_R21_FLDK.07001_06001.npy
2026-02-12 22:58:27,634 - INFO -     ⬆️  Uploaded .npy to S3 in 0.3s
2026-02-12 22:58:27,649 - INFO -     🗑️  Deleted raw .nc
2026-02-12 22:59:13,373 - INFO -     ⬇️  Downloaded NC_H08_20251114_1320_R21_FLDK.07001_06001.nc (464MB) in 45.6s
2026-02-12 22:59:13,408 - INFO -     ✂️  Cropped to (64, 64) in 0.0s → NC_H08_20251114_1320_R21_FLDK.07001_06001.npy
2026-02-12 22:59:14,483 - INFO -     ⬆️  Uploaded .npy to S3 in 1.1s
2026-02-12 22:59:14,495 - INFO -     🗑️  Deleted raw .nc
2026-02-12 23:00:16,471 - INFO -     ⬇️  Downloaded NC_H08_20251114_1330_R21_FLDK.07001_06001.nc (464MB) in 61.4s
2026-02-12 23:00:16,492 - INFO -     ✂️  Cropped to (64, 64) in 0.0s → NC_H08_20251114_1330_R21_FLDK.07001_06001.npy
2026-02-12 23:00:16,796 - INFO -     ⬆️  Uploaded .npy to S3 in 0.3s
2026-02-12 23:00:16,810 - INFO -     🗑️  Deleted raw .nc
2026-02-12 23:01:00,110 - INFO -     ⬇️  Downloaded NC_H08_20251114_1340_R21_FLDK.07001_06001.nc (466MB) in 43.2s
2026-02-12 23:01:00,134 - INFO -     ✂️  Cropped to (64, 64) in 0.0s → NC_H08_20251114_1340_R21_FLDK.07001_06001.npy
2026-02-12 23:01:00,423 - INFO -     ⬆️  Uploaded .npy to S3 in 0.3s
2026-02-12 23:01:00,433 - INFO -     🗑️  Deleted raw .nc
2026-02-12 23:01:50,119 - INFO -     ⬇️  Downloaded NC_H08_20251114_1350_R21_FLDK.07001_06001.nc (468MB) in 49.4s
2026-02-12 23:01:50,151 - INFO -     ✂️  Cropped to (64, 64) in 0.0s → NC_H08_20251114_1350_R21_FLDK.07001_06001.npy
2026-02-12 23:01:51,878 - INFO -     ⬆️  Uploaded .npy to S3 in 1.7s
2026-02-12 23:01:51,898 - INFO -     🗑️  Deleted raw .nc
2026-02-12 23:02:25,376 - INFO -     ⬇️  Downloaded NC_H08_20251114_1400_R21_FLDK.07001_06001.nc (469MB) in 32.8s
2026-02-12 23:02:25,399 - INFO -     ✂️  Cropped to (64, 64) in 0.0s → NC_H08_20251114_1400_R21_FLDK.07001_06001.npy
2026-02-12 23:02:26,298 - INFO -     ⬆️  Uploaded .npy to S3 in 0.9s
2026-02-12 23:02:26,312 - INFO -     🗑️  Deleted raw .nc
2026-02-12 23:03:08,312 - INFO -     ⬇️  Downloaded NC_H08_20251114_1410_R21_FLDK.07001_06001.nc (469MB) in 41.4s
2026-02-12 23:03:08,330 - INFO -     ✂️  Cropped to (64, 64) in 0.0s → NC_H08_20251114_1410_R21_FLDK.07001_06001.npy
2026-02-12 23:03:09,493 - INFO -     ⬆️  Uploaded .npy to S3 in 1.2s
2026-02-12 23:03:09,501 - INFO -     🗑️  Deleted raw .nc
2026-02-12 23:04:00,652 - INFO -     ⬇️  Downloaded NC_H08_20251114_1420_R21_FLDK.07001_06001.nc (467MB) in 50.6s
2026-02-12 23:04:00,680 - INFO -     ✂️  Cropped to (64, 64) in 0.0s → NC_H08_20251114_1420_R21_FLDK.07001_06001.npy
2026-02-12 23:04:00,888 - INFO -     ⬆️  Uploaded .npy to S3 in 0.2s
2026-02-12 23:04:00,895 - INFO -     🗑️  Deleted raw .nc
2026-02-12 23:04:27,629 - INFO -     ⬇️  Downloaded NC_H08_20251114_1430_R21_FLDK.07001_06001.nc (468MB) in 26.6s
2026-02-12 23:04:27,656 - INFO -     ✂️  Cropped to (64, 64) in 0.0s → NC_H08_20251114_1430_R21_FLDK.07001_06001.npy
2026-02-12 23:04:27,738 - INFO -     ⬆️  Uploaded .npy to S3 in 0.1s
2026-02-12 23:04:27,749 - INFO -     🗑️  Deleted raw .nc
2026-02-12 23:04:45,605 - INFO -     ⬇️  Downloaded NC_H08_20251114_1450_R21_FLDK.07001_06001.nc (465MB) in 17.7s
2026-02-12 23:04:45,625 - INFO -     ✂️  Cropped to (64, 64) in 0.0s → NC_H08_20251114_1450_R21_FLDK.07001_06001.npy
2026-02-12 23:04:45,693 - INFO -     ⬆️  Uploaded .npy to S3 in 0.1s
2026-02-12 23:04:45,707 - INFO -     🗑️  Deleted raw .nc
2026-02-12 23:05:03,585 - INFO -     ⬇️  Downloaded NC_H08_20251114_1500_R21_FLDK.07001_06001.nc (462MB) in 17.8s
2026-02-12 23:05:03,606 - INFO -     ✂️  Cropped to (64, 64) in 0.0s → NC_H08_20251114_1500_R21_FLDK.07001_06001.npy
2026-02-12 23:05:03,891 - INFO -     ⬆️  Uploaded .npy to S3 in 0.3s
2026-02-12 23:05:03,911 - INFO -     🗑️  Deleted raw .nc
2026-02-12 23:05:21,323 - INFO -     ⬇️  Downloaded NC_H08_20251114_1510_R21_FLDK.07001_06001.nc (459MB) in 17.3s
2026-02-12 23:05:21,347 - INFO -     ✂️  Cropped to (64, 64) in 0.0s → NC_H08_20251114_1510_R21_FLDK.07001_06001.npy
2026-02-12 23:05:21,415 - INFO -     ⬆️  Uploaded .npy to S3 in 0.1s
2026-02-12 23:05:21,424 - INFO -     🗑️  Deleted raw .nc
2026-02-12 23:05:36,617 - INFO -     ⬇️  Downloaded NC_H08_20251114_1520_R21_FLDK.07001_06001.nc (457MB) in 15.1s
2026-02-12 23:05:36,638 - INFO -     ✂️  Cropped to (64, 64) in 0.0s → NC_H08_20251114_1520_R21_FLDK.07001_06001.npy
2026-02-12 23:05:36,704 - INFO -     ⬆️  Uploaded .npy to S3 in 0.1s
2026-02-12 23:05:36,711 - INFO -     🗑️  Deleted raw .nc
2026-02-12 23:05:51,718 - INFO -     ⬇️  Downloaded NC_H08_20251114_1530_R21_FLDK.07001_06001.nc (457MB) in 14.9s
2026-02-12 23:05:51,743 - INFO -     ✂️  Cropped to (64, 64) in 0.0s → NC_H08_20251114_1530_R21_FLDK.07001_06001.npy
2026-02-12 23:05:51,807 - INFO -     ⬆️  Uploaded .npy to S3 in 0.1s
2026-02-12 23:05:51,817 - INFO -     🗑️  Deleted raw .nc
2026-02-12 23:06:07,275 - INFO -     ⬇️  Downloaded NC_H08_20251114_1540_R21_FLDK.07001_06001.nc (460MB) in 15.4s
2026-02-12 23:06:07,296 - INFO -     ✂️  Cropped to (64, 64) in 0.0s → NC_H08_20251114_1540_R21_FLDK.07001_06001.npy
2026-02-12 23:06:07,352 - INFO -     ⬆️  Uploaded .npy to S3 in 0.1s
2026-02-12 23:06:07,359 - INFO -     🗑️  Deleted raw .nc
2026-02-12 23:06:22,395 - INFO -     ⬇️  Downloaded NC_H08_20251114_1550_R21_FLDK.07001_06001.nc (466MB) in 15.0s
2026-02-12 23:06:22,420 - INFO -     ✂️  Cropped to (64, 64) in 0.0s → NC_H08_20251114_1550_R21_FLDK.07001_06001.npy
2026-02-12 23:06:22,484 - INFO -     ⬆️  Uploaded .npy to S3 in 0.1s
2026-02-12 23:06:22,493 - INFO -     🗑️  Deleted raw .nc
2026-02-12 23:06:38,329 - INFO -     ⬇️  Downloaded NC_H08_20251114_1600_R21_FLDK.07001_06001.nc (471MB) in 15.8s
2026-02-12 23:06:38,349 - INFO -     ✂️  Cropped to (64, 64) in 0.0s → NC_H08_20251114_1600_R21_FLDK.07001_06001.npy
2026-02-12 23:06:38,447 - INFO -     ⬆️  Uploaded .npy to S3 in 0.1s
2026-02-12 23:06:38,459 - INFO -     🗑️  Deleted raw .nc
2026-02-12 23:06:53,328 - INFO -     ⬇️  Downloaded NC_H08_20251114_1610_R21_FLDK.07001_06001.nc (476MB) in 14.8s
2026-02-12 23:06:53,349 - INFO -     ✂️  Cropped to (64, 64) in 0.0s → NC_H08_20251114_1610_R21_FLDK.07001_06001.npy
2026-02-12 23:06:53,493 - INFO -     ⬆️  Uploaded .npy to S3 in 0.1s
2026-02-12 23:06:53,502 - INFO -     🗑️  Deleted raw .nc
2026-02-12 23:07:10,407 - INFO -     ⬇️  Downloaded NC_H08_20251114_1620_R21_FLDK.07001_06001.nc (480MB) in 16.8s
2026-02-12 23:07:10,430 - INFO -     ✂️  Cropped to (64, 64) in 0.0s → NC_H08_20251114_1620_R21_FLDK.07001_06001.npy
2026-02-12 23:07:10,495 - INFO -     ⬆️  Uploaded .npy to S3 in 0.1s
2026-02-12 23:07:10,507 - INFO -     🗑️  Deleted raw .nc
2026-02-12 23:07:26,197 - INFO -     ⬇️  Downloaded NC_H08_20251114_1630_R21_FLDK.07001_06001.nc (485MB) in 15.6s
2026-02-12 23:07:26,217 - INFO -     ✂️  Cropped to (64, 64) in 0.0s → NC_H08_20251114_1630_R21_FLDK.07001_06001.npy
2026-02-12 23:07:26,279 - INFO -     ⬆️  Uploaded .npy to S3 in 0.1s
2026-02-12 23:07:26,314 - INFO -     🗑️  Deleted raw .nc
2026-02-12 23:07:42,525 - INFO -     ⬇️  Downloaded NC_H08_20251114_1640_R21_FLDK.07001_06001.nc (489MB) in 16.1s
2026-02-12 23:07:42,547 - INFO -     ✂️  Cropped to (64, 64) in 0.0s → NC_H08_20251114_1640_R21_FLDK.07001_06001.npy
2026-02-12 23:07:42,640 - INFO -     ⬆️  Uploaded .npy to S3 in 0.1s
2026-02-12 23:07:42,650 - INFO -     🗑️  Deleted raw .nc
2026-02-12 23:08:02,368 - INFO -     ⬇️  Downloaded NC_H08_20251114_1650_R21_FLDK.07001_06001.nc (493MB) in 19.6s
2026-02-12 23:08:02,390 - INFO -     ✂️  Cropped to (64, 64) in 0.0s → NC_H08_20251114_1650_R21_FLDK.07001_06001.npy
2026-02-12 23:08:02,488 - INFO -     ⬆️  Uploaded .npy to S3 in 0.1s
2026-02-12 23:08:02,498 - INFO -     🗑️  Deleted raw .nc
2026-02-12 23:08:28,044 - INFO -     ⬇️  Downloaded NC_H08_20251114_1700_R21_FLDK.07001_06001.nc (498MB) in 25.4s
2026-02-12 23:08:28,068 - INFO -     ✂️  Cropped to (64, 64) in 0.0s → NC_H08_20251114_1700_R21_FLDK.07001_06001.npy
2026-02-12 23:08:28,126 - INFO -     ⬆️  Uploaded .npy to S3 in 0.1s
2026-02-12 23:08:28,134 - INFO -     🗑️  Deleted raw .nc
2026-02-12 23:08:47,905 - INFO -     ⬇️  Downloaded NC_H08_20251114_1710_R21_FLDK.07001_06001.nc (502MB) in 19.7s
2026-02-12 23:08:47,926 - INFO -     ✂️  Cropped to (64, 64) in 0.0s → NC_H08_20251114_1710_R21_FLDK.07001_06001.npy
2026-02-12 23:08:47,992 - INFO -     ⬆️  Uploaded .npy to S3 in 0.1s
2026-02-12 23:08:47,999 - INFO -     🗑️  Deleted raw .nc
2026-02-12 23:09:06,444 - INFO -     ⬇️  Downloaded NC_H08_20251114_1720_R21_FLDK.07001_06001.nc (507MB) in 18.4s
2026-02-12 23:09:06,466 - INFO -     ✂️  Cropped to (64, 64) in 0.0s → NC_H08_20251114_1720_R21_FLDK.07001_06001.npy
2026-02-12 23:09:06,533 - INFO -     ⬆️  Uploaded .npy to S3 in 0.1s
2026-02-12 23:09:06,540 - INFO -     🗑️  Deleted raw .nc
2026-02-12 23:09:24,939 - INFO -     ⬇️  Downloaded NC_H08_20251114_1730_R21_FLDK.07001_06001.nc (512MB) in 18.3s
2026-02-12 23:09:24,962 - INFO -     ✂️  Cropped to (64, 64) in 0.0s → NC_H08_20251114_1730_R21_FLDK.07001_06001.npy
2026-02-12 23:09:25,149 - INFO -     ⬆️  Uploaded .npy to S3 in 0.2s
2026-02-12 23:09:25,160 - INFO -     🗑️  Deleted raw .nc
2026-02-12 23:09:44,291 - INFO -     ⬇️  Downloaded NC_H08_20251114_1740_R21_FLDK.07001_06001.nc (516MB) in 19.0s
2026-02-12 23:09:44,321 - INFO -     ✂️  Cropped to (64, 64) in 0.0s → NC_H08_20251114_1740_R21_FLDK.07001_06001.npy
2026-02-12 23:09:44,391 - INFO -     ⬆️  Uploaded .npy to S3 in 0.1s
2026-02-12 23:09:44,401 - INFO -     🗑️  Deleted raw .nc
2026-02-12 23:10:02,931 - INFO -     ⬇️  Downloaded NC_H08_20251114_1750_R21_FLDK.07001_06001.nc (520MB) in 18.4s
2026-02-12 23:10:02,951 - INFO -     ✂️  Cropped to (64, 64) in 0.0s → NC_H08_20251114_1750_R21_FLDK.07001_06001.npy
2026-02-12 23:10:03,045 - INFO -     ⬆️  Uploaded .npy to S3 in 0.1s
2026-02-12 23:10:03,059 - INFO -     🗑️  Deleted raw .nc
2026-02-12 23:10:20,824 - INFO -     ⬇️  Downloaded NC_H08_20251114_1800_R21_FLDK.07001_06001.nc (525MB) in 17.7s
2026-02-12 23:10:20,849 - INFO -     ✂️  Cropped to (64, 64) in 0.0s → NC_H08_20251114_1800_R21_FLDK.07001_06001.npy
2026-02-12 23:10:20,976 - INFO -     ⬆️  Uploaded .npy to S3 in 0.1s
2026-02-12 23:10:20,985 - INFO -     🗑️  Deleted raw .nc
2026-02-12 23:10:38,187 - INFO -     ⬇️  Downloaded NC_H08_20251114_1810_R21_FLDK.07001_06001.nc (529MB) in 17.1s
2026-02-12 23:10:38,208 - INFO -     ✂️  Cropped to (64, 64) in 0.0s → NC_H08_20251114_1810_R21_FLDK.07001_06001.npy
2026-02-12 23:10:38,278 - INFO -     ⬆️  Uploaded .npy to S3 in 0.1s
2026-02-12 23:10:38,284 - INFO -     🗑️  Deleted raw .nc
2026-02-12 23:10:56,336 - INFO -     ⬇️  Downloaded NC_H08_20251114_1820_R21_FLDK.07001_06001.nc (533MB) in 18.0s
2026-02-12 23:10:56,356 - INFO -     ✂️  Cropped to (64, 64) in 0.0s → NC_H08_20251114_1820_R21_FLDK.07001_06001.npy
2026-02-12 23:10:56,426 - INFO -     ⬆️  Uploaded .npy to S3 in 0.1s
2026-02-12 23:10:56,442 - INFO -     🗑️  Deleted raw .nc
2026-02-12 23:11:15,724 - INFO -     ⬇️  Downloaded NC_H08_20251114_1830_R21_FLDK.07001_06001.nc (537MB) in 19.2s
2026-02-12 23:11:15,753 - INFO -     ✂️  Cropped to (64, 64) in 0.0s → NC_H08_20251114_1830_R21_FLDK.07001_06001.npy
2026-02-12 23:11:15,919 - INFO -     ⬆️  Uploaded .npy to S3 in 0.2s
2026-02-12 23:11:15,929 - INFO -     🗑️  Deleted raw .nc
2026-02-12 23:11:34,434 - INFO -     ⬇️  Downloaded NC_H08_20251114_1840_R21_FLDK.07001_06001.nc (541MB) in 18.4s
2026-02-12 23:11:34,453 - INFO -     ✂️  Cropped to (64, 64) in 0.0s → NC_H08_20251114_1840_R21_FLDK.07001_06001.npy
2026-02-12 23:11:34,541 - INFO -     ⬆️  Uploaded .npy to S3 in 0.1s
2026-02-12 23:11:34,549 - INFO -     🗑️  Deleted raw .nc
2026-02-12 23:11:50,779 - INFO -     ⬇️  Downloaded NC_H08_20251114_1850_R21_FLDK.07001_06001.nc (545MB) in 16.1s
2026-02-12 23:11:50,803 - INFO -     ✂️  Cropped to (64, 64) in 0.0s → NC_H08_20251114_1850_R21_FLDK.07001_06001.npy
2026-02-12 23:11:50,861 - INFO -     ⬆️  Uploaded .npy to S3 in 0.1s
2026-02-12 23:11:50,868 - INFO -     🗑️  Deleted raw .nc
2026-02-12 23:12:10,863 - INFO -     ⬇️  Downloaded NC_H08_20251114_1900_R21_FLDK.07001_06001.nc (549MB) in 19.9s
2026-02-12 23:12:10,886 - INFO -     ✂️  Cropped to (64, 64) in 0.0s → NC_H08_20251114_1900_R21_FLDK.07001_06001.npy
2026-02-12 23:12:11,100 - INFO -     ⬆️  Uploaded .npy to S3 in 0.2s
2026-02-12 23:12:11,107 - INFO -     🗑️  Deleted raw .nc
2026-02-12 23:12:28,718 - INFO -     ⬇️  Downloaded NC_H08_20251114_1910_R21_FLDK.07001_06001.nc (553MB) in 17.5s
2026-02-12 23:12:28,739 - INFO -     ✂️  Cropped to (64, 64) in 0.0s → NC_H08_20251114_1910_R21_FLDK.07001_06001.npy
2026-02-12 23:12:28,810 - INFO -     ⬆️  Uploaded .npy to S3 in 0.1s
2026-02-12 23:12:28,817 - INFO -     🗑️  Deleted raw .nc
2026-02-12 23:12:47,673 - INFO -     ⬇️  Downloaded NC_H08_20251114_1930_R21_FLDK.07001_06001.nc (560MB) in 18.8s
2026-02-12 23:12:47,698 - INFO -     ✂️  Cropped to (64, 64) in 0.0s → NC_H08_20251114_1930_R21_FLDK.07001_06001.npy
2026-02-12 23:12:47,783 - INFO -     ⬆️  Uploaded .npy to S3 in 0.1s
2026-02-12 23:12:47,791 - INFO -     🗑️  Deleted raw .nc
2026-02-12 23:13:07,432 - INFO -     ⬇️  Downloaded NC_H08_20251114_1940_R21_FLDK.07001_06001.nc (564MB) in 19.6s
2026-02-12 23:13:07,452 - INFO -     ✂️  Cropped to (64, 64) in 0.0s → NC_H08_20251114_1940_R21_FLDK.07001_06001.npy
2026-02-12 23:13:07,600 - INFO -     ⬆️  Uploaded .npy to S3 in 0.1s
2026-02-12 23:13:07,611 - INFO -     🗑️  Deleted raw .nc
2026-02-12 23:13:30,679 - INFO -     ⬇️  Downloaded NC_H08_20251114_2140_R21_FLDK.07001_06001.nc (612MB) in 23.0s
2026-02-12 23:13:30,697 - INFO -     ✂️  Cropped to (64, 64) in 0.0s → NC_H08_20251114_2140_R21_FLDK.07001_06001.npy
2026-02-12 23:13:30,749 - INFO -     ⬆️  Uploaded .npy to S3 in 0.1s
2026-02-12 23:13:30,757 - INFO -     🗑️  Deleted raw .nc
2026-02-12 23:13:55,795 - INFO -     ⬇️  Downloaded NC_H08_20251114_2340_R21_FLDK.07001_06001.nc (667MB) in 24.9s
2026-02-12 23:13:55,817 - INFO -     ✂️  Cropped to (64, 64) in 0.0s → NC_H08_20251114_2340_R21_FLDK.07001_06001.npy
2026-02-12 23:13:55,882 - INFO -     ⬆️  Uploaded .npy to S3 in 0.1s
2026-02-12 23:13:55,891 - INFO -     🗑️  Deleted raw .nc
2026-02-12 23:13:55,891 - INFO -   2025-11-14: processed=49, skipped=0, time=1341.3s
2026-02-12 23:13:55,891 - INFO - 
[31/48] Processing 2025-11-15 (54 slots, 85.8mm)
2026-02-12 23:13:59,207 - INFO -   2025-11-15: processed=0, skipped=53, time=3.3s
2026-02-12 23:13:59,208 - INFO - 
[32/48] Processing 2025-11-16 (93 slots, 1385.7mm)
2026-02-12 23:14:23,354 - INFO -     ⬇️  Downloaded NC_H08_20251116_0020_R21_FLDK.07001_06001.nc (679MB) in 24.1s
2026-02-12 23:14:23,377 - INFO -     ✂️  Cropped to (64, 64) in 0.0s → NC_H08_20251116_0020_R21_FLDK.07001_06001.npy
2026-02-12 23:14:23,433 - INFO -     ⬆️  Uploaded .npy to S3 in 0.1s
2026-02-12 23:14:23,442 - INFO -     🗑️  Deleted raw .nc
2026-02-12 23:14:48,118 - INFO -     ⬇️  Downloaded NC_H08_20251116_0030_R21_FLDK.07001_06001.nc (682MB) in 24.6s
2026-02-12 23:14:48,143 - INFO -     ✂️  Cropped to (64, 64) in 0.0s → NC_H08_20251116_0030_R21_FLDK.07001_06001.npy
2026-02-12 23:14:48,198 - INFO -     ⬆️  Uploaded .npy to S3 in 0.1s
2026-02-12 23:14:48,220 - INFO -     🗑️  Deleted raw .nc
2026-02-12 23:15:13,779 - INFO -     ⬇️  Downloaded NC_H08_20251116_0040_R21_FLDK.07001_06001.nc (685MB) in 25.5s
2026-02-12 23:15:13,812 - INFO -     ✂️  Cropped to (64, 64) in 0.0s → NC_H08_20251116_0040_R21_FLDK.07001_06001.npy
2026-02-12 23:15:13,946 - INFO -     ⬆️  Uploaded .npy to S3 in 0.1s
2026-02-12 23:15:13,955 - INFO -     🗑️  Deleted raw .nc
2026-02-12 23:15:39,472 - INFO -     ⬇️  Downloaded NC_H08_20251116_0050_R21_FLDK.07001_06001.nc (687MB) in 25.4s
2026-02-12 23:15:39,496 - INFO -     ✂️  Cropped to (64, 64) in 0.0s → NC_H08_20251116_0050_R21_FLDK.07001_06001.npy
2026-02-12 23:15:39,696 - INFO -     ⬆️  Uploaded .npy to S3 in 0.2s
2026-02-12 23:15:39,702 - INFO -     🗑️  Deleted raw .nc
2026-02-12 23:16:04,615 - INFO -     ⬇️  Downloaded NC_H08_20251116_0110_R21_FLDK.07001_06001.nc (691MB) in 24.8s
2026-02-12 23:16:04,632 - INFO -     ✂️  Cropped to (64, 64) in 0.0s → NC_H08_20251116_0110_R21_FLDK.07001_06001.npy
2026-02-12 23:16:04,686 - INFO -     ⬆️  Uploaded .npy to S3 in 0.1s
2026-02-12 23:16:04,694 - INFO -     🗑️  Deleted raw .nc
2026-02-12 23:16:31,403 - INFO -     ⬇️  Downloaded NC_H08_20251116_0120_R21_FLDK.07001_06001.nc (692MB) in 26.6s
2026-02-12 23:16:31,423 - INFO -     ✂️  Cropped to (64, 64) in 0.0s → NC_H08_20251116_0120_R21_FLDK.07001_06001.npy
2026-02-12 23:16:31,485 - INFO -     ⬆️  Uploaded .npy to S3 in 0.1s
2026-02-12 23:16:31,495 - INFO -     🗑️  Deleted raw .nc
2026-02-12 23:16:55,334 - INFO -     ⬇️  Downloaded NC_H08_20251116_0130_R21_FLDK.07001_06001.nc (694MB) in 23.8s
2026-02-12 23:16:55,356 - INFO -     ✂️  Cropped to (64, 64) in 0.0s → NC_H08_20251116_0130_R21_FLDK.07001_06001.npy
2026-02-12 23:16:55,421 - INFO -     ⬆️  Uploaded .npy to S3 in 0.1s
2026-02-12 23:16:55,433 - INFO -     🗑️  Deleted raw .nc
2026-02-12 23:17:26,682 - INFO -     ⬇️  Downloaded NC_H08_20251116_0140_R21_FLDK.07001_06001.nc (694MB) in 31.2s
2026-02-12 23:17:26,705 - INFO -     ✂️  Cropped to (64, 64) in 0.0s → NC_H08_20251116_0140_R21_FLDK.07001_06001.npy
2026-02-12 23:17:26,756 - INFO -     ⬆️  Uploaded .npy to S3 in 0.1s
2026-02-12 23:17:26,765 - INFO -     🗑️  Deleted raw .nc
2026-02-12 23:17:52,735 - INFO -     ⬇️  Downloaded NC_H08_20251116_0150_R21_FLDK.07001_06001.nc (695MB) in 25.9s
2026-02-12 23:17:52,753 - INFO -     ✂️  Cropped to (64, 64) in 0.0s → NC_H08_20251116_0150_R21_FLDK.07001_06001.npy
2026-02-12 23:17:52,902 - INFO -     ⬆️  Uploaded .npy to S3 in 0.1s
2026-02-12 23:17:52,913 - INFO -     🗑️  Deleted raw .nc
2026-02-12 23:18:19,944 - INFO -     ⬇️  Downloaded NC_H08_20251116_0200_R21_FLDK.07001_06001.nc (696MB) in 26.9s
2026-02-12 23:18:19,965 - INFO -     ✂️  Cropped to (64, 64) in 0.0s → NC_H08_20251116_0200_R21_FLDK.07001_06001.npy
2026-02-12 23:18:20,046 - INFO -     ⬆️  Uploaded .npy to S3 in 0.1s
2026-02-12 23:18:20,056 - INFO -     🗑️  Deleted raw .nc
2026-02-12 23:18:43,628 - INFO -     ⬇️  Downloaded NC_H08_20251116_0210_R21_FLDK.07001_06001.nc (696MB) in 23.5s
2026-02-12 23:18:43,659 - INFO -     ✂️  Cropped to (64, 64) in 0.0s → NC_H08_20251116_0210_R21_FLDK.07001_06001.npy
2026-02-12 23:18:43,716 - INFO -     ⬆️  Uploaded .npy to S3 in 0.1s
2026-02-12 23:18:43,729 - INFO -     🗑️  Deleted raw .nc
2026-02-12 23:19:10,535 - INFO -     ⬇️  Downloaded NC_H08_20251116_0220_R21_FLDK.07001_06001.nc (696MB) in 26.7s
2026-02-12 23:19:10,560 - INFO -     ✂️  Cropped to (64, 64) in 0.0s → NC_H08_20251116_0220_R21_FLDK.07001_06001.npy
2026-02-12 23:19:10,641 - INFO -     ⬆️  Uploaded .npy to S3 in 0.1s
2026-02-12 23:19:10,653 - INFO -     🗑️  Deleted raw .nc
2026-02-12 23:19:36,581 - INFO -     ⬇️  Downloaded NC_H08_20251116_0230_R21_FLDK.07001_06001.nc (696MB) in 25.8s
2026-02-12 23:19:36,600 - INFO -     ✂️  Cropped to (64, 64) in 0.0s → NC_H08_20251116_0230_R21_FLDK.07001_06001.npy
2026-02-12 23:19:36,652 - INFO -     ⬆️  Uploaded .npy to S3 in 0.1s
2026-02-12 23:19:36,660 - INFO -     🗑️  Deleted raw .nc
2026-02-12 23:19:58,994 - INFO -     ⬇️  Downloaded NC_H08_20251116_0250_R21_FLDK.07001_06001.nc (696MB) in 22.1s
2026-02-12 23:19:59,013 - INFO -     ✂️  Cropped to (64, 64) in 0.0s → NC_H08_20251116_0250_R21_FLDK.07001_06001.npy
2026-02-12 23:19:59,070 - INFO -     ⬆️  Uploaded .npy to S3 in 0.1s
2026-02-12 23:19:59,078 - INFO -     🗑️  Deleted raw .nc
2026-02-12 23:20:24,527 - INFO -     ⬇️  Downloaded NC_H08_20251116_0300_R21_FLDK.07001_06001.nc (695MB) in 25.4s
2026-02-12 23:20:24,548 - INFO -     ✂️  Cropped to (64, 64) in 0.0s → NC_H08_20251116_0300_R21_FLDK.07001_06001.npy
2026-02-12 23:20:24,600 - INFO -     ⬆️  Uploaded .npy to S3 in 0.1s
2026-02-12 23:20:24,610 - INFO -     🗑️  Deleted raw .nc
2026-02-12 23:20:50,684 - INFO -     ⬇️  Downloaded NC_H08_20251116_0310_R21_FLDK.07001_06001.nc (695MB) in 26.0s
2026-02-12 23:20:50,710 - INFO -     ✂️  Cropped to (64, 64) in 0.0s → NC_H08_20251116_0310_R21_FLDK.07001_06001.npy
2026-02-12 23:20:50,771 - INFO -     ⬆️  Uploaded .npy to S3 in 0.1s
2026-02-12 23:20:50,781 - INFO -     🗑️  Deleted raw .nc
2026-02-12 23:21:16,901 - INFO -     ⬇️  Downloaded NC_H08_20251116_0320_R21_FLDK.07001_06001.nc (693MB) in 26.0s
2026-02-12 23:21:16,928 - INFO -     ✂️  Cropped to (64, 64) in 0.0s → NC_H08_20251116_0320_R21_FLDK.07001_06001.npy
2026-02-12 23:21:16,989 - INFO -     ⬆️  Uploaded .npy to S3 in 0.1s
2026-02-12 23:21:17,000 - INFO -     🗑️  Deleted raw .nc
2026-02-12 23:21:41,123 - INFO -     ⬇️  Downloaded NC_H08_20251116_0330_R21_FLDK.07001_06001.nc (692MB) in 24.0s
2026-02-12 23:21:41,149 - INFO -     ✂️  Cropped to (64, 64) in 0.0s → NC_H08_20251116_0330_R21_FLDK.07001_06001.npy
2026-02-12 23:21:41,210 - INFO -     ⬆️  Uploaded .npy to S3 in 0.1s
2026-02-12 23:21:41,226 - INFO -     🗑️  Deleted raw .nc
2026-02-12 23:22:05,677 - INFO -     ⬇️  Downloaded NC_H08_20251116_0340_R21_FLDK.07001_06001.nc (691MB) in 24.3s
2026-02-12 23:22:05,693 - INFO -     ✂️  Cropped to (64, 64) in 0.0s → NC_H08_20251116_0340_R21_FLDK.07001_06001.npy
2026-02-12 23:22:05,834 - INFO -     ⬆️  Uploaded .npy to S3 in 0.1s
2026-02-12 23:22:05,845 - INFO -     🗑️  Deleted raw .nc
2026-02-12 23:22:30,201 - INFO -     ⬇️  Downloaded NC_H08_20251116_0350_R21_FLDK.07001_06001.nc (689MB) in 24.2s
2026-02-12 23:22:30,219 - INFO -     ✂️  Cropped to (64, 64) in 0.0s → NC_H08_20251116_0350_R21_FLDK.07001_06001.npy
2026-02-12 23:22:30,428 - INFO -     ⬆️  Uploaded .npy to S3 in 0.2s
2026-02-12 23:22:30,443 - INFO -     🗑️  Deleted raw .nc
2026-02-12 23:22:57,323 - INFO -     ⬇️  Downloaded NC_H08_20251116_0400_R21_FLDK.07001_06001.nc (687MB) in 26.8s
2026-02-12 23:22:57,345 - INFO -     ✂️  Cropped to (64, 64) in 0.0s → NC_H08_20251116_0400_R21_FLDK.07001_06001.npy
2026-02-12 23:22:57,451 - INFO -     ⬆️  Uploaded .npy to S3 in 0.1s
2026-02-12 23:22:57,464 - INFO -     🗑️  Deleted raw .nc
2026-02-12 23:23:24,603 - INFO -     ⬇️  Downloaded NC_H08_20251116_0410_R21_FLDK.07001_06001.nc (684MB) in 27.1s
2026-02-12 23:23:24,625 - INFO -     ✂️  Cropped to (64, 64) in 0.0s → NC_H08_20251116_0410_R21_FLDK.07001_06001.npy
2026-02-12 23:23:24,687 - INFO -     ⬆️  Uploaded .npy to S3 in 0.1s
2026-02-12 23:23:24,700 - INFO -     🗑️  Deleted raw .nc
2026-02-12 23:23:52,207 - INFO -     ⬇️  Downloaded NC_H08_20251116_0430_R21_FLDK.07001_06001.nc (677MB) in 27.4s
2026-02-12 23:23:52,230 - INFO -     ✂️  Cropped to (64, 64) in 0.0s → NC_H08_20251116_0430_R21_FLDK.07001_06001.npy
2026-02-12 23:23:52,300 - INFO -     ⬆️  Uploaded .npy to S3 in 0.1s
2026-02-12 23:23:52,310 - INFO -     🗑️  Deleted raw .nc
2026-02-12 23:24:17,924 - INFO -     ⬇️  Downloaded NC_H08_20251116_0440_R21_FLDK.07001_06001.nc (673MB) in 25.5s
2026-02-12 23:24:17,957 - INFO -     ✂️  Cropped to (64, 64) in 0.0s → NC_H08_20251116_0440_R21_FLDK.07001_06001.npy
2026-02-12 23:24:18,018 - INFO -     ⬆️  Uploaded .npy to S3 in 0.1s
2026-02-12 23:24:18,028 - INFO -     🗑️  Deleted raw .nc
2026-02-12 23:24:45,464 - INFO -     ⬇️  Downloaded NC_H08_20251116_0500_R21_FLDK.07001_06001.nc (665MB) in 27.3s
2026-02-12 23:24:45,516 - INFO -     ✂️  Cropped to (64, 64) in 0.0s → NC_H08_20251116_0500_R21_FLDK.07001_06001.npy
2026-02-12 23:24:45,583 - INFO -     ⬆️  Uploaded .npy to S3 in 0.1s
2026-02-12 23:24:45,591 - INFO -     🗑️  Deleted raw .nc
2026-02-12 23:25:11,769 - INFO -     ⬇️  Downloaded NC_H08_20251116_0510_R21_FLDK.07001_06001.nc (660MB) in 26.1s
2026-02-12 23:25:11,812 - INFO -     ✂️  Cropped to (64, 64) in 0.0s → NC_H08_20251116_0510_R21_FLDK.07001_06001.npy
2026-02-12 23:25:11,867 - INFO -     ⬆️  Uploaded .npy to S3 in 0.1s
2026-02-12 23:25:11,879 - INFO -     🗑️  Deleted raw .nc
2026-02-12 23:25:39,324 - INFO -     ⬇️  Downloaded NC_H08_20251116_0520_R21_FLDK.07001_06001.nc (656MB) in 27.4s
2026-02-12 23:25:39,345 - INFO -     ✂️  Cropped to (64, 64) in 0.0s → NC_H08_20251116_0520_R21_FLDK.07001_06001.npy
2026-02-12 23:25:39,456 - INFO -     ⬆️  Uploaded .npy to S3 in 0.1s
2026-02-12 23:25:39,456 - INFO -     🗑️  Deleted raw .nc
2026-02-12 23:26:09,275 - INFO -     ⬇️  Downloaded NC_H08_20251116_0600_R21_FLDK.07001_06001.nc (637MB) in 29.7s
2026-02-12 23:26:09,292 - INFO -     ✂️  Cropped to (64, 64) in 0.0s → NC_H08_20251116_0600_R21_FLDK.07001_06001.npy
2026-02-12 23:26:09,352 - INFO -     ⬆️  Uploaded .npy to S3 in 0.1s
2026-02-12 23:26:09,363 - INFO -     🗑️  Deleted raw .nc
2026-02-12 23:26:32,591 - INFO -     ⬇️  Downloaded NC_H08_20251116_0650_R21_FLDK.07001_06001.nc (615MB) in 23.1s
2026-02-12 23:26:32,612 - INFO -     ✂️  Cropped to (64, 64) in 0.0s → NC_H08_20251116_0650_R21_FLDK.07001_06001.npy
2026-02-12 23:26:32,666 - INFO -     ⬆️  Uploaded .npy to S3 in 0.1s
2026-02-12 23:26:32,674 - INFO -     🗑️  Deleted raw .nc
2026-02-12 23:26:55,140 - INFO -     ⬇️  Downloaded NC_H08_20251116_0700_R21_FLDK.07001_06001.nc (611MB) in 22.4s
2026-02-12 23:26:55,162 - INFO -     ✂️  Cropped to (64, 64) in 0.0s → NC_H08_20251116_0700_R21_FLDK.07001_06001.npy
2026-02-12 23:26:55,215 - INFO -     ⬆️  Uploaded .npy to S3 in 0.1s
2026-02-12 23:26:55,226 - INFO -     🗑️  Deleted raw .nc
2026-02-12 23:27:19,831 - INFO -     ⬇️  Downloaded NC_H08_20251116_1020_R21_FLDK.07001_06001.nc (523MB) in 24.5s
2026-02-12 23:27:19,870 - INFO -     ✂️  Cropped to (64, 64) in 0.0s → NC_H08_20251116_1020_R21_FLDK.07001_06001.npy
2026-02-12 23:27:20,031 - INFO -     ⬆️  Uploaded .npy to S3 in 0.2s
2026-02-12 23:27:20,037 - INFO -     🗑️  Deleted raw .nc
2026-02-12 23:27:42,977 - INFO -     ⬇️  Downloaded NC_H08_20251116_1040_R21_FLDK.07001_06001.nc (515MB) in 22.9s
2026-02-12 23:27:43,017 - INFO -     ✂️  Cropped to (64, 64) in 0.0s → NC_H08_20251116_1040_R21_FLDK.07001_06001.npy
2026-02-12 23:27:43,220 - INFO -     ⬆️  Uploaded .npy to S3 in 0.2s
2026-02-12 23:27:43,234 - INFO -     🗑️  Deleted raw .nc
2026-02-12 23:28:02,436 - INFO -     ⬇️  Downloaded NC_H08_20251116_1050_R21_FLDK.07001_06001.nc (511MB) in 19.1s
2026-02-12 23:28:02,456 - INFO -     ✂️  Cropped to (64, 64) in 0.0s → NC_H08_20251116_1050_R21_FLDK.07001_06001.npy
2026-02-12 23:28:02,530 - INFO -     ⬆️  Uploaded .npy to S3 in 0.1s
2026-02-12 23:28:02,538 - INFO -     🗑️  Deleted raw .nc
2026-02-12 23:28:21,055 - INFO -     ⬇️  Downloaded NC_H08_20251116_1100_R21_FLDK.07001_06001.nc (506MB) in 18.3s
2026-02-12 23:28:21,079 - INFO -     ✂️  Cropped to (64, 64) in 0.0s → NC_H08_20251116_1100_R21_FLDK.07001_06001.npy
2026-02-12 23:28:21,130 - INFO -     ⬆️  Uploaded .npy to S3 in 0.1s
2026-02-12 23:28:21,138 - INFO -     🗑️  Deleted raw .nc
2026-02-12 23:28:37,758 - INFO -     ⬇️  Downloaded NC_H08_20251116_1110_R21_FLDK.07001_06001.nc (502MB) in 16.5s
2026-02-12 23:28:37,777 - INFO -     ✂️  Cropped to (64, 64) in 0.0s → NC_H08_20251116_1110_R21_FLDK.07001_06001.npy
2026-02-12 23:28:37,830 - INFO -     ⬆️  Uploaded .npy to S3 in 0.1s
2026-02-12 23:28:37,838 - INFO -     🗑️  Deleted raw .nc
2026-02-12 23:28:54,583 - INFO -     ⬇️  Downloaded NC_H08_20251116_1120_R21_FLDK.07001_06001.nc (498MB) in 16.7s
2026-02-12 23:28:54,613 - INFO -     ✂️  Cropped to (64, 64) in 0.0s → NC_H08_20251116_1120_R21_FLDK.07001_06001.npy
2026-02-12 23:28:54,669 - INFO -     ⬆️  Uploaded .npy to S3 in 0.1s
2026-02-12 23:28:54,674 - INFO -     🗑️  Deleted raw .nc
2026-02-12 23:29:12,723 - INFO -     ⬇️  Downloaded NC_H08_20251116_1130_R21_FLDK.07001_06001.nc (494MB) in 18.0s
2026-02-12 23:29:12,755 - INFO -     ✂️  Cropped to (64, 64) in 0.0s → NC_H08_20251116_1130_R21_FLDK.07001_06001.npy
2026-02-12 23:29:12,812 - INFO -     ⬆️  Uploaded .npy to S3 in 0.1s
2026-02-12 23:29:12,821 - INFO -     🗑️  Deleted raw .nc
2026-02-12 23:29:33,299 - INFO -     ⬇️  Downloaded NC_H08_20251116_1140_R21_FLDK.07001_06001.nc (490MB) in 20.3s
2026-02-12 23:29:33,319 - INFO -     ✂️  Cropped to (64, 64) in 0.0s → NC_H08_20251116_1140_R21_FLDK.07001_06001.npy
2026-02-12 23:29:33,411 - INFO -     ⬆️  Uploaded .npy to S3 in 0.1s
2026-02-12 23:29:33,420 - INFO -     🗑️  Deleted raw .nc
2026-02-12 23:29:52,480 - INFO -     ⬇️  Downloaded NC_H08_20251116_1150_R21_FLDK.07001_06001.nc (486MB) in 19.0s
2026-02-12 23:29:52,503 - INFO -     ✂️  Cropped to (64, 64) in 0.0s → NC_H08_20251116_1150_R21_FLDK.07001_06001.npy
2026-02-12 23:29:52,563 - INFO -     ⬆️  Uploaded .npy to S3 in 0.1s
2026-02-12 23:29:52,572 - INFO -     🗑️  Deleted raw .nc
2026-02-12 23:30:14,781 - INFO -     ⬇️  Downloaded NC_H08_20251116_1200_R21_FLDK.07001_06001.nc (482MB) in 22.1s
2026-02-12 23:30:14,822 - INFO -     ✂️  Cropped to (64, 64) in 0.0s → NC_H08_20251116_1200_R21_FLDK.07001_06001.npy
2026-02-12 23:30:14,886 - INFO -     ⬆️  Uploaded .npy to S3 in 0.1s
2026-02-12 23:30:14,892 - INFO -     🗑️  Deleted raw .nc
2026-02-12 23:30:31,974 - INFO -     ⬇️  Downloaded NC_H08_20251116_1210_R21_FLDK.07001_06001.nc (479MB) in 17.0s
2026-02-12 23:30:31,992 - INFO -     ✂️  Cropped to (64, 64) in 0.0s → NC_H08_20251116_1210_R21_FLDK.07001_06001.npy
2026-02-12 23:30:32,148 - INFO -     ⬆️  Uploaded .npy to S3 in 0.2s
2026-02-12 23:30:32,154 - INFO -     🗑️  Deleted raw .nc
2026-02-12 23:30:53,028 - INFO -     ⬇️  Downloaded NC_H08_20251116_1220_R21_FLDK.07001_06001.nc (474MB) in 20.7s
2026-02-12 23:30:53,051 - INFO -     ✂️  Cropped to (64, 64) in 0.0s → NC_H08_20251116_1220_R21_FLDK.07001_06001.npy
2026-02-12 23:30:53,114 - INFO -     ⬆️  Uploaded .npy to S3 in 0.1s
2026-02-12 23:30:53,123 - INFO -     🗑️  Deleted raw .nc
2026-02-12 23:31:12,144 - INFO -     ⬇️  Downloaded NC_H08_20251116_1230_R21_FLDK.07001_06001.nc (470MB) in 18.9s
2026-02-12 23:31:12,178 - INFO -     ✂️  Cropped to (64, 64) in 0.0s → NC_H08_20251116_1230_R21_FLDK.07001_06001.npy
2026-02-12 23:31:12,251 - INFO -     ⬆️  Uploaded .npy to S3 in 0.1s
2026-02-12 23:31:12,259 - INFO -     🗑️  Deleted raw .nc
2026-02-12 23:31:32,976 - INFO -     ⬇️  Downloaded NC_H08_20251116_1240_R21_FLDK.07001_06001.nc (467MB) in 20.6s
2026-02-12 23:31:32,994 - INFO -     ✂️  Cropped to (64, 64) in 0.0s → NC_H08_20251116_1240_R21_FLDK.07001_06001.npy
2026-02-12 23:31:33,055 - INFO -     ⬆️  Uploaded .npy to S3 in 0.1s
2026-02-12 23:31:33,061 - INFO -     🗑️  Deleted raw .nc
2026-02-12 23:31:59,664 - INFO -     ⬇️  Downloaded NC_H08_20251116_1250_R21_FLDK.07001_06001.nc (464MB) in 26.5s
2026-02-12 23:31:59,685 - INFO -     ✂️  Cropped to (64, 64) in 0.0s → NC_H08_20251116_1250_R21_FLDK.07001_06001.npy
2026-02-12 23:31:59,772 - INFO -     ⬆️  Uploaded .npy to S3 in 0.1s
2026-02-12 23:31:59,779 - INFO -     🗑️  Deleted raw .nc
2026-02-12 23:32:21,705 - INFO -     ⬇️  Downloaded NC_H08_20251116_1300_R21_FLDK.07001_06001.nc (462MB) in 21.8s
2026-02-12 23:32:21,730 - INFO -     ✂️  Cropped to (64, 64) in 0.0s → NC_H08_20251116_1300_R21_FLDK.07001_06001.npy
2026-02-12 23:32:21,790 - INFO -     ⬆️  Uploaded .npy to S3 in 0.1s
2026-02-12 23:32:21,796 - INFO -     🗑️  Deleted raw .nc
2026-02-12 23:32:37,198 - INFO -     ⬇️  Downloaded NC_H08_20251116_1310_R21_FLDK.07001_06001.nc (461MB) in 15.3s
2026-02-12 23:32:37,216 - INFO -     ✂️  Cropped to (64, 64) in 0.0s → NC_H08_20251116_1310_R21_FLDK.07001_06001.npy
2026-02-12 23:32:37,278 - INFO -     ⬆️  Uploaded .npy to S3 in 0.1s
2026-02-12 23:32:37,286 - INFO -     🗑️  Deleted raw .nc
2026-02-12 23:32:54,571 - INFO -     ⬇️  Downloaded NC_H08_20251116_1320_R21_FLDK.07001_06001.nc (461MB) in 17.2s
2026-02-12 23:32:54,593 - INFO -     ✂️  Cropped to (64, 64) in 0.0s → NC_H08_20251116_1320_R21_FLDK.07001_06001.npy
2026-02-12 23:32:54,704 - INFO -     ⬆️  Uploaded .npy to S3 in 0.1s
2026-02-12 23:32:54,713 - INFO -     🗑️  Deleted raw .nc
2026-02-12 23:33:14,865 - INFO -     ⬇️  Downloaded NC_H08_20251116_1330_R21_FLDK.07001_06001.nc (462MB) in 20.1s
2026-02-12 23:33:14,909 - INFO -     ✂️  Cropped to (64, 64) in 0.0s → NC_H08_20251116_1330_R21_FLDK.07001_06001.npy
2026-02-12 23:33:15,202 - INFO -     ⬆️  Uploaded .npy to S3 in 0.3s
2026-02-12 23:33:15,210 - INFO -     🗑️  Deleted raw .nc
2026-02-12 23:33:29,467 - INFO -     ⬇️  Downloaded NC_H08_20251116_1340_R21_FLDK.07001_06001.nc (463MB) in 14.1s
2026-02-12 23:33:29,487 - INFO -     ✂️  Cropped to (64, 64) in 0.0s → NC_H08_20251116_1340_R21_FLDK.07001_06001.npy
2026-02-12 23:33:29,547 - INFO -     ⬆️  Uploaded .npy to S3 in 0.1s
2026-02-12 23:33:29,553 - INFO -     🗑️  Deleted raw .nc
2026-02-12 23:33:45,622 - INFO -     ⬇️  Downloaded NC_H08_20251116_1350_R21_FLDK.07001_06001.nc (465MB) in 16.0s
2026-02-12 23:33:45,651 - INFO -     ✂️  Cropped to (64, 64) in 0.0s → NC_H08_20251116_1350_R21_FLDK.07001_06001.npy
2026-02-12 23:33:45,703 - INFO -     ⬆️  Uploaded .npy to S3 in 0.1s
2026-02-12 23:33:45,710 - INFO -     🗑️  Deleted raw .nc
2026-02-12 23:34:02,317 - INFO -     ⬇️  Downloaded NC_H08_20251116_1400_R21_FLDK.07001_06001.nc (465MB) in 16.5s
2026-02-12 23:34:02,337 - INFO -     ✂️  Cropped to (64, 64) in 0.0s → NC_H08_20251116_1400_R21_FLDK.07001_06001.npy
2026-02-12 23:34:02,462 - INFO -     ⬆️  Uploaded .npy to S3 in 0.1s
2026-02-12 23:34:02,471 - INFO -     🗑️  Deleted raw .nc
2026-02-12 23:34:20,130 - INFO -     ⬇️  Downloaded NC_H08_20251116_1410_R21_FLDK.07001_06001.nc (466MB) in 17.6s
2026-02-12 23:34:20,164 - INFO -     ✂️  Cropped to (64, 64) in 0.0s → NC_H08_20251116_1410_R21_FLDK.07001_06001.npy
2026-02-12 23:34:20,220 - INFO -     ⬆️  Uploaded .npy to S3 in 0.1s
2026-02-12 23:34:20,226 - INFO -     🗑️  Deleted raw .nc
2026-02-12 23:34:38,260 - INFO -     ⬇️  Downloaded NC_H08_20251116_1420_R21_FLDK.07001_06001.nc (464MB) in 17.9s
2026-02-12 23:34:38,280 - INFO -     ✂️  Cropped to (64, 64) in 0.0s → NC_H08_20251116_1420_R21_FLDK.07001_06001.npy
2026-02-12 23:34:38,380 - INFO -     ⬆️  Uploaded .npy to S3 in 0.1s
2026-02-12 23:34:38,387 - INFO -     🗑️  Deleted raw .nc
2026-02-12 23:34:54,802 - INFO -     ⬇️  Downloaded NC_H08_20251116_1430_R21_FLDK.07001_06001.nc (465MB) in 16.3s
2026-02-12 23:34:54,823 - INFO -     ✂️  Cropped to (64, 64) in 0.0s → NC_H08_20251116_1430_R21_FLDK.07001_06001.npy
2026-02-12 23:34:54,874 - INFO -     ⬆️  Uploaded .npy to S3 in 0.1s
2026-02-12 23:34:54,880 - INFO -     🗑️  Deleted raw .nc
2026-02-12 23:35:11,854 - INFO -     ⬇️  Downloaded NC_H08_20251116_1450_R21_FLDK.07001_06001.nc (462MB) in 16.8s
2026-02-12 23:35:11,888 - INFO -     ✂️  Cropped to (64, 64) in 0.0s → NC_H08_20251116_1450_R21_FLDK.07001_06001.npy
2026-02-12 23:35:11,944 - INFO -     ⬆️  Uploaded .npy to S3 in 0.1s
2026-02-12 23:35:11,953 - INFO -     🗑️  Deleted raw .nc
2026-02-12 23:35:26,704 - INFO -     ⬇️  Downloaded NC_H08_20251116_1500_R21_FLDK.07001_06001.nc (460MB) in 14.7s
2026-02-12 23:35:26,724 - INFO -     ✂️  Cropped to (64, 64) in 0.0s → NC_H08_20251116_1500_R21_FLDK.07001_06001.npy
2026-02-12 23:35:26,774 - INFO -     ⬆️  Uploaded .npy to S3 in 0.1s
2026-02-12 23:35:26,782 - INFO -     🗑️  Deleted raw .nc
2026-02-12 23:35:43,539 - INFO -     ⬇️  Downloaded NC_H08_20251116_1510_R21_FLDK.07001_06001.nc (457MB) in 16.7s
2026-02-12 23:35:43,569 - INFO -     ✂️  Cropped to (64, 64) in 0.0s → NC_H08_20251116_1510_R21_FLDK.07001_06001.npy
2026-02-12 23:35:43,623 - INFO -     ⬆️  Uploaded .npy to S3 in 0.1s
2026-02-12 23:35:43,631 - INFO -     🗑️  Deleted raw .nc
2026-02-12 23:35:59,872 - INFO -     ⬇️  Downloaded NC_H08_20251116_1520_R21_FLDK.07001_06001.nc (457MB) in 16.1s
2026-02-12 23:35:59,892 - INFO -     ✂️  Cropped to (64, 64) in 0.0s → NC_H08_20251116_1520_R21_FLDK.07001_06001.npy
2026-02-12 23:35:59,955 - INFO -     ⬆️  Uploaded .npy to S3 in 0.1s
2026-02-12 23:35:59,961 - INFO -     🗑️  Deleted raw .nc
2026-02-12 23:36:17,671 - INFO -     ⬇️  Downloaded NC_H08_20251116_1530_R21_FLDK.07001_06001.nc (457MB) in 17.6s
2026-02-12 23:36:17,695 - INFO -     ✂️  Cropped to (64, 64) in 0.0s → NC_H08_20251116_1530_R21_FLDK.07001_06001.npy
2026-02-12 23:36:17,758 - INFO -     ⬆️  Uploaded .npy to S3 in 0.1s
2026-02-12 23:36:17,764 - INFO -     🗑️  Deleted raw .nc
2026-02-12 23:36:33,859 - INFO -     ⬇️  Downloaded NC_H08_20251116_1540_R21_FLDK.07001_06001.nc (460MB) in 16.0s
2026-02-12 23:36:33,877 - INFO -     ✂️  Cropped to (64, 64) in 0.0s → NC_H08_20251116_1540_R21_FLDK.07001_06001.npy
2026-02-12 23:36:33,934 - INFO -     ⬆️  Uploaded .npy to S3 in 0.1s
2026-02-12 23:36:33,941 - INFO -     🗑️  Deleted raw .nc
2026-02-12 23:36:50,769 - INFO -     ⬇️  Downloaded NC_H08_20251116_1600_R21_FLDK.07001_06001.nc (469MB) in 16.7s
2026-02-12 23:36:50,799 - INFO -     ✂️  Cropped to (64, 64) in 0.0s → NC_H08_20251116_1600_R21_FLDK.07001_06001.npy
2026-02-12 23:36:50,944 - INFO -     ⬆️  Uploaded .npy to S3 in 0.1s
2026-02-12 23:36:50,952 - INFO -     🗑️  Deleted raw .nc
2026-02-12 23:37:10,548 - INFO -     ⬇️  Downloaded NC_H08_20251116_1610_R21_FLDK.07001_06001.nc (473MB) in 19.4s
2026-02-12 23:37:10,583 - INFO -     ✂️  Cropped to (64, 64) in 0.0s → NC_H08_20251116_1610_R21_FLDK.07001_06001.npy
2026-02-12 23:37:10,640 - INFO -     ⬆️  Uploaded .npy to S3 in 0.1s
2026-02-12 23:37:10,647 - INFO -     🗑️  Deleted raw .nc
2026-02-12 23:37:27,364 - INFO -     ⬇️  Downloaded NC_H08_20251116_1620_R21_FLDK.07001_06001.nc (477MB) in 16.6s
2026-02-12 23:37:27,383 - INFO -     ✂️  Cropped to (64, 64) in 0.0s → NC_H08_20251116_1620_R21_FLDK.07001_06001.npy
2026-02-12 23:37:27,444 - INFO -     ⬆️  Uploaded .npy to S3 in 0.1s
2026-02-12 23:37:27,451 - INFO -     🗑️  Deleted raw .nc
2026-02-12 23:37:47,447 - INFO -     ⬇️  Downloaded NC_H08_20251116_1630_R21_FLDK.07001_06001.nc (481MB) in 19.9s
2026-02-12 23:37:47,474 - INFO -     ✂️  Cropped to (64, 64) in 0.0s → NC_H08_20251116_1630_R21_FLDK.07001_06001.npy
2026-02-12 23:37:47,545 - INFO -     ⬆️  Uploaded .npy to S3 in 0.1s
2026-02-12 23:37:47,553 - INFO -     🗑️  Deleted raw .nc
2026-02-12 23:38:04,283 - INFO -     ⬇️  Downloaded NC_H08_20251116_1640_R21_FLDK.07001_06001.nc (484MB) in 16.6s
2026-02-12 23:38:04,303 - INFO -     ✂️  Cropped to (64, 64) in 0.0s → NC_H08_20251116_1640_R21_FLDK.07001_06001.npy
2026-02-12 23:38:04,353 - INFO -     ⬆️  Uploaded .npy to S3 in 0.1s
2026-02-12 23:38:04,359 - INFO -     🗑️  Deleted raw .nc
2026-02-12 23:38:24,023 - INFO -     ⬇️  Downloaded NC_H08_20251116_1650_R21_FLDK.07001_06001.nc (488MB) in 19.6s
2026-02-12 23:38:24,046 - INFO -     ✂️  Cropped to (64, 64) in 0.0s → NC_H08_20251116_1650_R21_FLDK.07001_06001.npy
2026-02-12 23:38:24,142 - INFO -     ⬆️  Uploaded .npy to S3 in 0.1s
2026-02-12 23:38:24,151 - INFO -     🗑️  Deleted raw .nc
2026-02-12 23:38:40,062 - INFO -     ⬇️  Downloaded NC_H08_20251116_1700_R21_FLDK.07001_06001.nc (493MB) in 15.8s
2026-02-12 23:38:40,081 - INFO -     ✂️  Cropped to (64, 64) in 0.0s → NC_H08_20251116_1700_R21_FLDK.07001_06001.npy
2026-02-12 23:38:40,135 - INFO -     ⬆️  Uploaded .npy to S3 in 0.1s
2026-02-12 23:38:40,142 - INFO -     🗑️  Deleted raw .nc
2026-02-12 23:38:58,833 - INFO -     ⬇️  Downloaded NC_H08_20251116_1710_R21_FLDK.07001_06001.nc (497MB) in 18.6s
2026-02-12 23:38:58,853 - INFO -     ✂️  Cropped to (64, 64) in 0.0s → NC_H08_20251116_1710_R21_FLDK.07001_06001.npy
2026-02-12 23:38:58,914 - INFO -     ⬆️  Uploaded .npy to S3 in 0.1s
2026-02-12 23:38:58,920 - INFO -     🗑️  Deleted raw .nc
2026-02-12 23:39:16,713 - INFO -     ⬇️  Downloaded NC_H08_20251116_1720_R21_FLDK.07001_06001.nc (501MB) in 17.7s
2026-02-12 23:39:16,750 - INFO -     ✂️  Cropped to (64, 64) in 0.0s → NC_H08_20251116_1720_R21_FLDK.07001_06001.npy
2026-02-12 23:39:16,852 - INFO -     ⬆️  Uploaded .npy to S3 in 0.1s
2026-02-12 23:39:16,861 - INFO -     🗑️  Deleted raw .nc
2026-02-12 23:39:38,365 - INFO -     ⬇️  Downloaded NC_H08_20251116_1730_R21_FLDK.07001_06001.nc (506MB) in 21.4s
2026-02-12 23:39:38,383 - INFO -     ✂️  Cropped to (64, 64) in 0.0s → NC_H08_20251116_1730_R21_FLDK.07001_06001.npy
2026-02-12 23:39:38,522 - INFO -     ⬆️  Uploaded .npy to S3 in 0.1s
2026-02-12 23:39:38,530 - INFO -     🗑️  Deleted raw .nc
2026-02-12 23:39:56,170 - INFO -     ⬇️  Downloaded NC_H08_20251116_1740_R21_FLDK.07001_06001.nc (510MB) in 17.6s
2026-02-12 23:39:56,188 - INFO -     ✂️  Cropped to (64, 64) in 0.0s → NC_H08_20251116_1740_R21_FLDK.07001_06001.npy
2026-02-12 23:39:56,243 - INFO -     ⬆️  Uploaded .npy to S3 in 0.1s
2026-02-12 23:39:56,250 - INFO -     🗑️  Deleted raw .nc
2026-02-12 23:40:16,902 - INFO -     ⬇️  Downloaded NC_H08_20251116_1750_R21_FLDK.07001_06001.nc (514MB) in 20.6s
2026-02-12 23:40:16,936 - INFO -     ✂️  Cropped to (64, 64) in 0.0s → NC_H08_20251116_1750_R21_FLDK.07001_06001.npy
2026-02-12 23:40:17,071 - INFO -     ⬆️  Uploaded .npy to S3 in 0.1s
2026-02-12 23:40:17,077 - INFO -     🗑️  Deleted raw .nc
2026-02-12 23:40:34,534 - INFO -     ⬇️  Downloaded NC_H08_20251116_1800_R21_FLDK.07001_06001.nc (518MB) in 17.4s
2026-02-12 23:40:34,552 - INFO -     ✂️  Cropped to (64, 64) in 0.0s → NC_H08_20251116_1800_R21_FLDK.07001_06001.npy
2026-02-12 23:40:34,635 - INFO -     ⬆️  Uploaded .npy to S3 in 0.1s
2026-02-12 23:40:34,644 - INFO -     🗑️  Deleted raw .nc
2026-02-12 23:40:57,410 - INFO -     ⬇️  Downloaded NC_H08_20251116_1810_R21_FLDK.07001_06001.nc (523MB) in 22.7s
2026-02-12 23:40:57,434 - INFO -     ✂️  Cropped to (64, 64) in 0.0s → NC_H08_20251116_1810_R21_FLDK.07001_06001.npy
2026-02-12 23:40:57,490 - INFO -     ⬆️  Uploaded .npy to S3 in 0.1s
2026-02-12 23:40:57,497 - INFO -     🗑️  Deleted raw .nc
2026-02-12 23:41:21,792 - INFO -     ⬇️  Downloaded NC_H08_20251116_1820_R21_FLDK.07001_06001.nc (526MB) in 24.1s
2026-02-12 23:41:21,817 - INFO -     ✂️  Cropped to (64, 64) in 0.0s → NC_H08_20251116_1820_R21_FLDK.07001_06001.npy
2026-02-12 23:41:21,987 - INFO -     ⬆️  Uploaded .npy to S3 in 0.2s
2026-02-12 23:41:21,996 - INFO -     🗑️  Deleted raw .nc
2026-02-12 23:41:40,168 - INFO -     ⬇️  Downloaded NC_H08_20251116_1830_R21_FLDK.07001_06001.nc (530MB) in 18.1s
2026-02-12 23:41:40,185 - INFO -     ✂️  Cropped to (64, 64) in 0.0s → NC_H08_20251116_1830_R21_FLDK.07001_06001.npy
2026-02-12 23:41:40,436 - INFO -     ⬆️  Uploaded .npy to S3 in 0.3s
2026-02-12 23:41:40,452 - INFO -     🗑️  Deleted raw .nc
2026-02-12 23:42:01,935 - INFO -     ⬇️  Downloaded NC_H08_20251116_1840_R21_FLDK.07001_06001.nc (534MB) in 21.4s
2026-02-12 23:42:01,953 - INFO -     ✂️  Cropped to (64, 64) in 0.0s → NC_H08_20251116_1840_R21_FLDK.07001_06001.npy
2026-02-12 23:42:02,377 - INFO -     ⬆️  Uploaded .npy to S3 in 0.4s
2026-02-12 23:42:02,386 - INFO -     🗑️  Deleted raw .nc
2026-02-12 23:42:25,927 - INFO -     ⬇️  Downloaded NC_H08_20251116_1850_R21_FLDK.07001_06001.nc (538MB) in 23.3s
2026-02-12 23:42:25,947 - INFO -     ✂️  Cropped to (64, 64) in 0.0s → NC_H08_20251116_1850_R21_FLDK.07001_06001.npy
2026-02-12 23:42:26,005 - INFO -     ⬆️  Uploaded .npy to S3 in 0.1s
2026-02-12 23:42:26,013 - INFO -     🗑️  Deleted raw .nc
2026-02-12 23:42:48,024 - INFO -     ⬇️  Downloaded NC_H08_20251116_1900_R21_FLDK.07001_06001.nc (542MB) in 21.9s
2026-02-12 23:42:48,040 - INFO -     ✂️  Cropped to (64, 64) in 0.0s → NC_H08_20251116_1900_R21_FLDK.07001_06001.npy
2026-02-12 23:42:48,275 - INFO -     ⬆️  Uploaded .npy to S3 in 0.2s
2026-02-12 23:42:48,288 - INFO -     🗑️  Deleted raw .nc
2026-02-12 23:43:10,422 - INFO -     ⬇️  Downloaded NC_H08_20251116_1910_R21_FLDK.07001_06001.nc (546MB) in 22.0s
2026-02-12 23:43:10,457 - INFO -     ✂️  Cropped to (64, 64) in 0.0s → NC_H08_20251116_1910_R21_FLDK.07001_06001.npy
2026-02-12 23:43:10,516 - INFO -     ⬆️  Uploaded .npy to S3 in 0.1s
2026-02-12 23:43:10,527 - INFO -     🗑️  Deleted raw .nc
2026-02-12 23:43:33,639 - INFO -     ⬇️  Downloaded NC_H08_20251116_1920_R21_FLDK.07001_06001.nc (550MB) in 23.0s
2026-02-12 23:43:33,656 - INFO -     ✂️  Cropped to (64, 64) in 0.0s → NC_H08_20251116_1920_R21_FLDK.07001_06001.npy
2026-02-12 23:43:33,718 - INFO -     ⬆️  Uploaded .npy to S3 in 0.1s
2026-02-12 23:43:33,727 - INFO -     🗑️  Deleted raw .nc
2026-02-12 23:43:57,547 - INFO -     ⬇️  Downloaded NC_H08_20251116_1930_R21_FLDK.07001_06001.nc (554MB) in 23.7s
2026-02-12 23:43:57,566 - INFO -     ✂️  Cropped to (64, 64) in 0.0s → NC_H08_20251116_1930_R21_FLDK.07001_06001.npy
2026-02-12 23:43:57,614 - INFO -     ⬆️  Uploaded .npy to S3 in 0.0s
2026-02-12 23:43:57,621 - INFO -     🗑️  Deleted raw .nc
2026-02-12 23:44:17,653 - INFO -     ⬇️  Downloaded NC_H08_20251116_1940_R21_FLDK.07001_06001.nc (558MB) in 19.9s
2026-02-12 23:44:17,683 - INFO -     ✂️  Cropped to (64, 64) in 0.0s → NC_H08_20251116_1940_R21_FLDK.07001_06001.npy
2026-02-12 23:44:17,825 - INFO -     ⬆️  Uploaded .npy to S3 in 0.1s
2026-02-12 23:44:17,833 - INFO -     🗑️  Deleted raw .nc
2026-02-12 23:44:40,990 - INFO -     ⬇️  Downloaded NC_H08_20251116_1950_R21_FLDK.07001_06001.nc (561MB) in 23.1s
2026-02-12 23:44:41,024 - INFO -     ✂️  Cropped to (64, 64) in 0.0s → NC_H08_20251116_1950_R21_FLDK.07001_06001.npy
2026-02-12 23:44:41,127 - INFO -     ⬆️  Uploaded .npy to S3 in 0.1s
2026-02-12 23:44:41,137 - INFO -     🗑️  Deleted raw .nc
2026-02-12 23:45:07,101 - INFO -     ⬇️  Downloaded NC_H08_20251116_2000_R21_FLDK.07001_06001.nc (565MB) in 25.8s
2026-02-12 23:45:07,117 - INFO -     ✂️  Cropped to (64, 64) in 0.0s → NC_H08_20251116_2000_R21_FLDK.07001_06001.npy
2026-02-12 23:45:07,541 - INFO -     ⬆️  Uploaded .npy to S3 in 0.4s
2026-02-12 23:45:07,552 - INFO -     🗑️  Deleted raw .nc
2026-02-12 23:45:31,045 - INFO -     ⬇️  Downloaded NC_H08_20251116_2100_R21_FLDK.07001_06001.nc (589MB) in 23.3s
2026-02-12 23:45:31,061 - INFO -     ✂️  Cropped to (64, 64) in 0.0s → NC_H08_20251116_2100_R21_FLDK.07001_06001.npy
2026-02-12 23:45:31,124 - INFO -     ⬆️  Uploaded .npy to S3 in 0.1s
2026-02-12 23:45:31,132 - INFO -     🗑️  Deleted raw .nc
2026-02-12 23:45:53,939 - INFO -     ⬇️  Downloaded NC_H08_20251116_2120_R21_FLDK.07001_06001.nc (597MB) in 22.7s
2026-02-12 23:45:53,960 - INFO -     ✂️  Cropped to (64, 64) in 0.0s → NC_H08_20251116_2120_R21_FLDK.07001_06001.npy
2026-02-12 23:45:54,023 - INFO -     ⬆️  Uploaded .npy to S3 in 0.1s
2026-02-12 23:45:54,032 - INFO -     🗑️  Deleted raw .nc
2026-02-12 23:46:16,451 - INFO -     ⬇️  Downloaded NC_H08_20251116_2200_R21_FLDK.07001_06001.nc (614MB) in 22.2s
2026-02-12 23:46:16,488 - INFO -     ✂️  Cropped to (64, 64) in 0.0s → NC_H08_20251116_2200_R21_FLDK.07001_06001.npy
2026-02-12 23:46:16,638 - INFO -     ⬆️  Uploaded .npy to S3 in 0.1s
2026-02-12 23:46:16,650 - INFO -     🗑️  Deleted raw .nc
2026-02-12 23:46:37,133 - INFO -     ⬇️  Downloaded NC_H08_20251116_2240_R21_FLDK.07001_06001.nc (632MB) in 20.4s
2026-02-12 23:46:37,151 - INFO -     ✂️  Cropped to (64, 64) in 0.0s → NC_H08_20251116_2240_R21_FLDK.07001_06001.npy
2026-02-12 23:46:37,207 - INFO -     ⬆️  Uploaded .npy to S3 in 0.1s
2026-02-12 23:46:37,215 - INFO -     🗑️  Deleted raw .nc
2026-02-12 23:46:56,751 - INFO -     ⬇️  Downloaded NC_H08_20251116_2250_R21_FLDK.07001_06001.nc (637MB) in 19.4s
2026-02-12 23:46:56,774 - INFO -     ✂️  Cropped to (64, 64) in 0.0s → NC_H08_20251116_2250_R21_FLDK.07001_06001.npy
2026-02-12 23:46:56,947 - INFO -     ⬆️  Uploaded .npy to S3 in 0.2s
2026-02-12 23:46:56,954 - INFO -     🗑️  Deleted raw .nc
2026-02-12 23:46:56,954 - INFO -   2025-11-16: processed=91, skipped=0, time=1977.7s
2026-02-12 23:46:56,955 - INFO - 
[33/48] Processing 2025-11-17 (83 slots, 1041.2mm)
2026-02-12 23:47:01,265 - INFO -   2025-11-17: processed=0, skipped=81, time=4.3s
2026-02-12 23:47:01,265 - INFO - 
[34/48] Processing 2025-11-18 (65 slots, 372.8mm)
2026-02-12 23:47:28,243 - INFO -     ⬇️  Downloaded NC_H08_20251118_0000_R21_FLDK.07001_06001.nc (682MB) in 26.9s
2026-02-12 23:47:28,263 - INFO -     ✂️  Cropped to (64, 64) in 0.0s → NC_H08_20251118_0000_R21_FLDK.07001_06001.npy
2026-02-12 23:47:28,315 - INFO -     ⬆️  Uploaded .npy to S3 in 0.1s
2026-02-12 23:47:28,327 - INFO -     🗑️  Deleted raw .nc
2026-02-12 23:47:52,710 - INFO -     ⬇️  Downloaded NC_H08_20251118_0010_R21_FLDK.07001_06001.nc (686MB) in 24.3s
2026-02-12 23:47:52,732 - INFO -     ✂️  Cropped to (64, 64) in 0.0s → NC_H08_20251118_0010_R21_FLDK.07001_06001.npy
2026-02-12 23:47:52,855 - INFO -     ⬆️  Uploaded .npy to S3 in 0.1s
2026-02-12 23:47:52,869 - INFO -     🗑️  Deleted raw .nc
2026-02-12 23:48:18,435 - INFO -     ⬇️  Downloaded NC_H08_20251118_0100_R21_FLDK.07001_06001.nc (700MB) in 25.5s
2026-02-12 23:48:18,466 - INFO -     ✂️  Cropped to (64, 64) in 0.0s → NC_H08_20251118_0100_R21_FLDK.07001_06001.npy
2026-02-12 23:48:18,655 - INFO -     ⬆️  Uploaded .npy to S3 in 0.2s
2026-02-12 23:48:18,662 - INFO -     🗑️  Deleted raw .nc
2026-02-12 23:48:44,633 - INFO -     ⬇️  Downloaded NC_H08_20251118_0110_R21_FLDK.07001_06001.nc (702MB) in 25.8s
2026-02-12 23:48:44,668 - INFO -     ✂️  Cropped to (64, 64) in 0.0s → NC_H08_20251118_0110_R21_FLDK.07001_06001.npy
2026-02-12 23:48:44,723 - INFO -     ⬆️  Uploaded .npy to S3 in 0.1s
2026-02-12 23:48:44,734 - INFO -     🗑️  Deleted raw .nc
2026-02-12 23:49:09,581 - INFO -     ⬇️  Downloaded NC_H08_20251118_0130_R21_FLDK.07001_06001.nc (705MB) in 24.8s
2026-02-12 23:49:09,603 - INFO -     ✂️  Cropped to (64, 64) in 0.0s → NC_H08_20251118_0130_R21_FLDK.07001_06001.npy
2026-02-12 23:49:09,789 - INFO -     ⬆️  Uploaded .npy to S3 in 0.2s
2026-02-12 23:49:09,797 - INFO -     🗑️  Deleted raw .nc
2026-02-12 23:49:33,964 - INFO -     ⬇️  Downloaded NC_H08_20251118_0140_R21_FLDK.07001_06001.nc (706MB) in 24.1s
2026-02-12 23:49:33,985 - INFO -     ✂️  Cropped to (64, 64) in 0.0s → NC_H08_20251118_0140_R21_FLDK.07001_06001.npy
2026-02-12 23:49:34,047 - INFO -     ⬆️  Uploaded .npy to S3 in 0.1s
2026-02-12 23:49:34,056 - INFO -     🗑️  Deleted raw .nc
2026-02-12 23:50:02,939 - INFO -     ⬇️  Downloaded NC_H08_20251118_0150_R21_FLDK.07001_06001.nc (707MB) in 28.8s
2026-02-12 23:50:02,963 - INFO -     ✂️  Cropped to (64, 64) in 0.0s → NC_H08_20251118_0150_R21_FLDK.07001_06001.npy
2026-02-12 23:50:03,018 - INFO -     ⬆️  Uploaded .npy to S3 in 0.1s
2026-02-12 23:50:03,026 - INFO -     🗑️  Deleted raw .nc
2026-02-12 23:50:28,007 - INFO -     ⬇️  Downloaded NC_H08_20251118_0200_R21_FLDK.07001_06001.nc (708MB) in 24.9s
2026-02-12 23:50:28,028 - INFO -     ✂️  Cropped to (64, 64) in 0.0s → NC_H08_20251118_0200_R21_FLDK.07001_06001.npy
2026-02-12 23:50:28,097 - INFO -     ⬆️  Uploaded .npy to S3 in 0.1s
2026-02-12 23:50:28,106 - INFO -     🗑️  Deleted raw .nc
2026-02-12 23:50:52,786 - INFO -     ⬇️  Downloaded NC_H08_20251118_0210_R21_FLDK.07001_06001.nc (708MB) in 24.6s
2026-02-12 23:50:52,809 - INFO -     ✂️  Cropped to (64, 64) in 0.0s → NC_H08_20251118_0210_R21_FLDK.07001_06001.npy
2026-02-12 23:50:52,953 - INFO -     ⬆️  Uploaded .npy to S3 in 0.1s
2026-02-12 23:50:52,960 - INFO -     🗑️  Deleted raw .nc
2026-02-12 23:51:19,179 - INFO -     ⬇️  Downloaded NC_H08_20251118_0220_R21_FLDK.07001_06001.nc (709MB) in 26.1s
2026-02-12 23:51:19,206 - INFO -     ✂️  Cropped to (64, 64) in 0.0s → NC_H08_20251118_0220_R21_FLDK.07001_06001.npy
2026-02-12 23:51:19,255 - INFO -     ⬆️  Uploaded .npy to S3 in 0.0s
2026-02-12 23:51:19,264 - INFO -     🗑️  Deleted raw .nc
2026-02-12 23:51:43,268 - INFO -     ⬇️  Downloaded NC_H08_20251118_0230_R21_FLDK.07001_06001.nc (709MB) in 23.9s
2026-02-12 23:51:43,304 - INFO -     ✂️  Cropped to (64, 64) in 0.0s → NC_H08_20251118_0230_R21_FLDK.07001_06001.npy
2026-02-12 23:51:43,447 - INFO -     ⬆️  Uploaded .npy to S3 in 0.1s
2026-02-12 23:51:43,472 - INFO -     🗑️  Deleted raw .nc
2026-02-12 23:52:10,250 - INFO -     ⬇️  Downloaded NC_H08_20251118_0300_R21_FLDK.07001_06001.nc (708MB) in 26.6s
2026-02-12 23:52:10,268 - INFO -     ✂️  Cropped to (64, 64) in 0.0s → NC_H08_20251118_0300_R21_FLDK.07001_06001.npy
2026-02-12 23:52:10,402 - INFO -     ⬆️  Uploaded .npy to S3 in 0.1s
2026-02-12 23:52:10,411 - INFO -     🗑️  Deleted raw .nc
2026-02-12 23:52:38,866 - INFO -     ⬇️  Downloaded NC_H08_20251118_0320_R21_FLDK.07001_06001.nc (706MB) in 28.3s
2026-02-12 23:52:38,884 - INFO -     ✂️  Cropped to (64, 64) in 0.0s → NC_H08_20251118_0320_R21_FLDK.07001_06001.npy
2026-02-12 23:52:38,964 - INFO -     ⬆️  Uploaded .npy to S3 in 0.1s
2026-02-12 23:52:38,974 - INFO -     🗑️  Deleted raw .nc
2026-02-12 23:53:05,340 - INFO -     ⬇️  Downloaded NC_H08_20251118_0330_R21_FLDK.07001_06001.nc (704MB) in 26.3s
2026-02-12 23:53:05,365 - INFO -     ✂️  Cropped to (64, 64) in 0.0s → NC_H08_20251118_0330_R21_FLDK.07001_06001.npy
2026-02-12 23:53:05,447 - INFO -     ⬆️  Uploaded .npy to S3 in 0.1s
2026-02-12 23:53:05,456 - INFO -     🗑️  Deleted raw .nc
2026-02-12 23:53:33,542 - INFO -     ⬇️  Downloaded NC_H08_20251118_0340_R21_FLDK.07001_06001.nc (703MB) in 27.9s
2026-02-12 23:53:33,562 - INFO -     ✂️  Cropped to (64, 64) in 0.0s → NC_H08_20251118_0340_R21_FLDK.07001_06001.npy
2026-02-12 23:53:33,608 - INFO -     ⬆️  Uploaded .npy to S3 in 0.0s
2026-02-12 23:53:33,617 - INFO -     🗑️  Deleted raw .nc
2026-02-12 23:53:56,368 - INFO -     ⬇️  Downloaded NC_H08_20251118_0620_R21_FLDK.07001_06001.nc (641MB) in 22.6s
2026-02-12 23:53:56,386 - INFO -     ✂️  Cropped to (64, 64) in 0.0s → NC_H08_20251118_0620_R21_FLDK.07001_06001.npy
2026-02-12 23:53:56,447 - INFO -     ⬆️  Uploaded .npy to S3 in 0.1s
2026-02-12 23:53:56,459 - INFO -     🗑️  Deleted raw .nc
2026-02-12 23:54:21,173 - INFO -     ⬇️  Downloaded NC_H08_20251118_0800_R21_FLDK.07001_06001.nc (597MB) in 24.6s
2026-02-12 23:54:21,214 - INFO -     ✂️  Cropped to (64, 64) in 0.0s → NC_H08_20251118_0800_R21_FLDK.07001_06001.npy
2026-02-12 23:54:21,272 - INFO -     ⬆️  Uploaded .npy to S3 in 0.1s
2026-02-12 23:54:21,279 - INFO -     🗑️  Deleted raw .nc
2026-02-12 23:54:45,567 - INFO -     ⬇️  Downloaded NC_H08_20251118_0810_R21_FLDK.07001_06001.nc (592MB) in 24.1s
2026-02-12 23:54:45,609 - INFO -     ✂️  Cropped to (64, 64) in 0.0s → NC_H08_20251118_0810_R21_FLDK.07001_06001.npy
2026-02-12 23:54:45,735 - INFO -     ⬆️  Uploaded .npy to S3 in 0.1s
2026-02-12 23:54:45,746 - INFO -     🗑️  Deleted raw .nc
2026-02-12 23:55:09,140 - INFO -     ⬇️  Downloaded NC_H08_20251118_0820_R21_FLDK.07001_06001.nc (588MB) in 23.3s
2026-02-12 23:55:09,163 - INFO -     ✂️  Cropped to (64, 64) in 0.0s → NC_H08_20251118_0820_R21_FLDK.07001_06001.npy
2026-02-12 23:55:09,367 - INFO -     ⬆️  Uploaded .npy to S3 in 0.2s
2026-02-12 23:55:09,379 - INFO -     🗑️  Deleted raw .nc
2026-02-12 23:55:31,391 - INFO -     ⬇️  Downloaded NC_H08_20251118_0830_R21_FLDK.07001_06001.nc (584MB) in 21.9s
2026-02-12 23:55:31,424 - INFO -     ✂️  Cropped to (64, 64) in 0.0s → NC_H08_20251118_0830_R21_FLDK.07001_06001.npy
2026-02-12 23:55:31,493 - INFO -     ⬆️  Uploaded .npy to S3 in 0.1s
2026-02-12 23:55:31,500 - INFO -     🗑️  Deleted raw .nc
2026-02-12 23:55:51,986 - INFO -     ⬇️  Downloaded NC_H08_20251118_0940_R21_FLDK.07001_06001.nc (554MB) in 20.4s
2026-02-12 23:55:52,009 - INFO -     ✂️  Cropped to (64, 64) in 0.0s → NC_H08_20251118_0940_R21_FLDK.07001_06001.npy
2026-02-12 23:55:52,190 - INFO -     ⬆️  Uploaded .npy to S3 in 0.2s
2026-02-12 23:55:52,209 - INFO -     🗑️  Deleted raw .nc
2026-02-12 23:56:22,045 - INFO -     ⬇️  Downloaded NC_H08_20251118_1040_R21_FLDK.07001_06001.nc (528MB) in 29.7s
2026-02-12 23:56:22,083 - INFO -     ✂️  Cropped to (64, 64) in 0.0s → NC_H08_20251118_1040_R21_FLDK.07001_06001.npy
2026-02-12 23:56:22,135 - INFO -     ⬆️  Uploaded .npy to S3 in 0.1s
2026-02-12 23:56:22,144 - INFO -     🗑️  Deleted raw .nc
2026-02-12 23:56:24,637 - INFO -   2025-11-18: processed=22, skipped=41, time=563.4s
2026-02-12 23:56:24,638 - INFO - 
[35/48] Processing 2025-11-19 (35 slots, 396.2mm)
2026-02-12 23:56:52,371 - INFO -     ⬇️  Downloaded NC_H08_20251119_0000_R21_FLDK.07001_06001.nc (683MB) in 27.7s
2026-02-12 23:56:52,402 - INFO -     ✂️  Cropped to (64, 64) in 0.0s → NC_H08_20251119_0000_R21_FLDK.07001_06001.npy
2026-02-12 23:56:52,541 - INFO -     ⬆️  Uploaded .npy to S3 in 0.1s
2026-02-12 23:56:52,554 - INFO -     🗑️  Deleted raw .nc
2026-02-12 23:57:23,535 - INFO -     ⬇️  Downloaded NC_H08_20251119_0010_R21_FLDK.07001_06001.nc (687MB) in 30.9s
2026-02-12 23:57:23,559 - INFO -     ✂️  Cropped to (64, 64) in 0.0s → NC_H08_20251119_0010_R21_FLDK.07001_06001.npy
2026-02-12 23:57:23,623 - INFO -     ⬆️  Uploaded .npy to S3 in 0.1s
2026-02-12 23:57:23,635 - INFO -     🗑️  Deleted raw .nc
2026-02-12 23:57:50,534 - INFO -     ⬇️  Downloaded NC_H08_20251119_0020_R21_FLDK.07001_06001.nc (691MB) in 26.7s
2026-02-12 23:57:50,559 - INFO -     ✂️  Cropped to (64, 64) in 0.0s → NC_H08_20251119_0020_R21_FLDK.07001_06001.npy
2026-02-12 23:57:50,621 - INFO -     ⬆️  Uploaded .npy to S3 in 0.1s
2026-02-12 23:57:50,635 - INFO -     🗑️  Deleted raw .nc
2026-02-12 23:58:21,513 - INFO -     ⬇️  Downloaded NC_H08_20251119_0030_R21_FLDK.07001_06001.nc (694MB) in 30.8s
2026-02-12 23:58:21,553 - INFO -     ✂️  Cropped to (64, 64) in 0.0s → NC_H08_20251119_0030_R21_FLDK.07001_06001.npy
2026-02-12 23:58:21,674 - INFO -     ⬆️  Uploaded .npy to S3 in 0.1s
2026-02-12 23:58:21,681 - INFO -     🗑️  Deleted raw .nc
2026-02-12 23:58:52,058 - INFO -     ⬇️  Downloaded NC_H08_20251119_0040_R21_FLDK.07001_06001.nc (697MB) in 30.3s
2026-02-12 23:58:52,104 - INFO -     ✂️  Cropped to (64, 64) in 0.0s → NC_H08_20251119_0040_R21_FLDK.07001_06001.npy
2026-02-12 23:58:52,174 - INFO -     ⬆️  Uploaded .npy to S3 in 0.1s
2026-02-12 23:58:52,182 - INFO -     🗑️  Deleted raw .nc
2026-02-12 23:59:19,368 - INFO -     ⬇️  Downloaded NC_H08_20251119_0050_R21_FLDK.07001_06001.nc (699MB) in 27.1s
2026-02-12 23:59:19,402 - INFO -     ✂️  Cropped to (64, 64) in 0.0s → NC_H08_20251119_0050_R21_FLDK.07001_06001.npy
2026-02-12 23:59:19,461 - INFO -     ⬆️  Uploaded .npy to S3 in 0.1s
2026-02-12 23:59:19,471 - INFO -     🗑️  Deleted raw .nc
2026-02-12 23:59:54,554 - INFO -     ⬇️  Downloaded NC_H08_20251119_0100_R21_FLDK.07001_06001.nc (701MB) in 34.9s
2026-02-12 23:59:54,580 - INFO -     ✂️  Cropped to (64, 64) in 0.0s → NC_H08_20251119_0100_R21_FLDK.07001_06001.npy
2026-02-12 23:59:54,835 - INFO -     ⬆️  Uploaded .npy to S3 in 0.3s
2026-02-12 23:59:54,861 - INFO -     🗑️  Deleted raw .nc
2026-02-13 00:00:24,956 - INFO -     ⬇️  Downloaded NC_H08_20251119_0110_R21_FLDK.07001_06001.nc (703MB) in 30.0s
2026-02-13 00:00:24,977 - INFO -     ✂️  Cropped to (64, 64) in 0.0s → NC_H08_20251119_0110_R21_FLDK.07001_06001.npy
2026-02-13 00:00:25,045 - INFO -     ⬆️  Uploaded .npy to S3 in 0.1s
2026-02-13 00:00:25,054 - INFO -     🗑️  Deleted raw .nc
2026-02-13 00:00:56,406 - INFO -     ⬇️  Downloaded NC_H08_20251119_0120_R21_FLDK.07001_06001.nc (705MB) in 31.3s
2026-02-13 00:00:56,432 - INFO -     ✂️  Cropped to (64, 64) in 0.0s → NC_H08_20251119_0120_R21_FLDK.07001_06001.npy
2026-02-13 00:00:56,524 - INFO -     ⬆️  Uploaded .npy to S3 in 0.1s
2026-02-13 00:00:56,534 - INFO -     🗑️  Deleted raw .nc
2026-02-13 00:01:26,849 - INFO -     ⬇️  Downloaded NC_H08_20251119_0130_R21_FLDK.07001_06001.nc (706MB) in 30.1s
2026-02-13 00:01:26,872 - INFO -     ✂️  Cropped to (64, 64) in 0.0s → NC_H08_20251119_0130_R21_FLDK.07001_06001.npy
2026-02-13 00:01:26,920 - INFO -     ⬆️  Uploaded .npy to S3 in 0.0s
2026-02-13 00:01:26,928 - INFO -     🗑️  Deleted raw .nc
2026-02-13 00:01:55,993 - INFO -     ⬇️  Downloaded NC_H08_20251119_0140_R21_FLDK.07001_06001.nc (707MB) in 29.0s
2026-02-13 00:01:56,019 - INFO -     ✂️  Cropped to (64, 64) in 0.0s → NC_H08_20251119_0140_R21_FLDK.07001_06001.npy
2026-02-13 00:01:56,084 - INFO -     ⬆️  Uploaded .npy to S3 in 0.1s
2026-02-13 00:01:56,093 - INFO -     🗑️  Deleted raw .nc
2026-02-13 00:02:30,705 - INFO -     ⬇️  Downloaded NC_H08_20251119_0150_R21_FLDK.07001_06001.nc (708MB) in 34.4s
2026-02-13 00:02:30,726 - INFO -     ✂️  Cropped to (64, 64) in 0.0s → NC_H08_20251119_0150_R21_FLDK.07001_06001.npy
2026-02-13 00:02:30,860 - INFO -     ⬆️  Uploaded .npy to S3 in 0.1s
2026-02-13 00:02:30,869 - INFO -     🗑️  Deleted raw .nc
2026-02-13 00:02:59,164 - INFO -     ⬇️  Downloaded NC_H08_20251119_0200_R21_FLDK.07001_06001.nc (708MB) in 28.2s
2026-02-13 00:02:59,184 - INFO -     ✂️  Cropped to (64, 64) in 0.0s → NC_H08_20251119_0200_R21_FLDK.07001_06001.npy
2026-02-13 00:02:59,245 - INFO -     ⬆️  Uploaded .npy to S3 in 0.1s
2026-02-13 00:02:59,254 - INFO -     🗑️  Deleted raw .nc
2026-02-13 00:03:31,537 - INFO -     ⬇️  Downloaded NC_H08_20251119_0210_R21_FLDK.07001_06001.nc (709MB) in 32.2s
2026-02-13 00:03:31,560 - INFO -     ✂️  Cropped to (64, 64) in 0.0s → NC_H08_20251119_0210_R21_FLDK.07001_06001.npy
2026-02-13 00:03:31,610 - INFO -     ⬆️  Uploaded .npy to S3 in 0.1s
2026-02-13 00:03:31,621 - INFO -     🗑️  Deleted raw .nc
2026-02-13 00:03:59,147 - INFO -     ⬇️  Downloaded NC_H08_20251119_0220_R21_FLDK.07001_06001.nc (709MB) in 27.4s
2026-02-13 00:03:59,166 - INFO -     ✂️  Cropped to (64, 64) in 0.0s → NC_H08_20251119_0220_R21_FLDK.07001_06001.npy
2026-02-13 00:03:59,267 - INFO -     ⬆️  Uploaded .npy to S3 in 0.1s
2026-02-13 00:03:59,276 - INFO -     🗑️  Deleted raw .nc
2026-02-13 00:04:29,045 - INFO -     ⬇️  Downloaded NC_H08_20251119_0230_R21_FLDK.07001_06001.nc (709MB) in 29.6s
2026-02-13 00:04:29,067 - INFO -     ✂️  Cropped to (64, 64) in 0.0s → NC_H08_20251119_0230_R21_FLDK.07001_06001.npy
2026-02-13 00:04:29,204 - INFO -     ⬆️  Uploaded .npy to S3 in 0.1s
2026-02-13 00:04:29,216 - INFO -     🗑️  Deleted raw .nc
2026-02-13 00:05:01,700 - INFO -     ⬇️  Downloaded NC_H08_20251119_0300_R21_FLDK.07001_06001.nc (708MB) in 32.4s
2026-02-13 00:05:01,723 - INFO -     ✂️  Cropped to (64, 64) in 0.0s → NC_H08_20251119_0300_R21_FLDK.07001_06001.npy
2026-02-13 00:05:01,796 - INFO -     ⬆️  Uploaded .npy to S3 in 0.1s
2026-02-13 00:05:01,804 - INFO -     🗑️  Deleted raw .nc
2026-02-13 00:05:30,111 - INFO -     ⬇️  Downloaded NC_H08_20251119_0340_R21_FLDK.07001_06001.nc (704MB) in 28.2s
2026-02-13 00:05:30,133 - INFO -     ✂️  Cropped to (64, 64) in 0.0s → NC_H08_20251119_0340_R21_FLDK.07001_06001.npy
2026-02-13 00:05:30,219 - INFO -     ⬆️  Uploaded .npy to S3 in 0.1s
2026-02-13 00:05:30,226 - INFO -     🗑️  Deleted raw .nc
2026-02-13 00:06:06,296 - INFO -     ⬇️  Downloaded NC_H08_20251119_0430_R21_FLDK.07001_06001.nc (690MB) in 35.9s
2026-02-13 00:06:06,318 - INFO -     ✂️  Cropped to (64, 64) in 0.0s → NC_H08_20251119_0430_R21_FLDK.07001_06001.npy
2026-02-13 00:06:06,552 - INFO -     ⬆️  Uploaded .npy to S3 in 0.2s
2026-02-13 00:06:06,562 - INFO -     🗑️  Deleted raw .nc
2026-02-13 00:06:32,915 - INFO -     ⬇️  Downloaded NC_H08_20251119_0530_R21_FLDK.07001_06001.nc (664MB) in 26.2s
2026-02-13 00:06:32,934 - INFO -     ✂️  Cropped to (64, 64) in 0.0s → NC_H08_20251119_0530_R21_FLDK.07001_06001.npy
2026-02-13 00:06:33,002 - INFO -     ⬆️  Uploaded .npy to S3 in 0.1s
2026-02-13 00:06:33,010 - INFO -     🗑️  Deleted raw .nc
2026-02-13 00:06:59,969 - INFO -     ⬇️  Downloaded NC_H08_20251119_0630_R21_FLDK.07001_06001.nc (636MB) in 26.9s
2026-02-13 00:06:59,990 - INFO -     ✂️  Cropped to (64, 64) in 0.0s → NC_H08_20251119_0630_R21_FLDK.07001_06001.npy
2026-02-13 00:07:00,083 - INFO -     ⬆️  Uploaded .npy to S3 in 0.1s
2026-02-13 00:07:00,091 - INFO -     🗑️  Deleted raw .nc
2026-02-13 00:07:25,304 - INFO -     ⬇️  Downloaded NC_H08_20251119_0850_R21_FLDK.07001_06001.nc (573MB) in 25.1s
2026-02-13 00:07:25,328 - INFO -     ✂️  Cropped to (64, 64) in 0.0s → NC_H08_20251119_0850_R21_FLDK.07001_06001.npy
2026-02-13 00:07:25,449 - INFO -     ⬆️  Uploaded .npy to S3 in 0.1s
2026-02-13 00:07:25,463 - INFO -     🗑️  Deleted raw .nc
2026-02-13 00:07:45,150 - INFO -     ⬇️  Downloaded NC_H08_20251119_0940_R21_FLDK.07001_06001.nc (553MB) in 19.5s
2026-02-13 00:07:45,173 - INFO -     ✂️  Cropped to (64, 64) in 0.0s → NC_H08_20251119_0940_R21_FLDK.07001_06001.npy
2026-02-13 00:07:45,224 - INFO -     ⬆️  Uploaded .npy to S3 in 0.1s
2026-02-13 00:07:45,233 - INFO -     🗑️  Deleted raw .nc
2026-02-13 00:08:06,466 - INFO -     ⬇️  Downloaded NC_H08_20251119_0950_R21_FLDK.07001_06001.nc (548MB) in 21.1s
2026-02-13 00:08:06,485 - INFO -     ✂️  Cropped to (64, 64) in 0.0s → NC_H08_20251119_0950_R21_FLDK.07001_06001.npy
2026-02-13 00:08:06,618 - INFO -     ⬆️  Uploaded .npy to S3 in 0.1s
2026-02-13 00:08:06,627 - INFO -     🗑️  Deleted raw .nc
2026-02-13 00:08:27,320 - INFO -     ⬇️  Downloaded NC_H08_20251119_1400_R21_FLDK.07001_06001.nc (472MB) in 20.5s
2026-02-13 00:08:27,342 - INFO -     ✂️  Cropped to (64, 64) in 0.0s → NC_H08_20251119_1400_R21_FLDK.07001_06001.npy
2026-02-13 00:08:27,395 - INFO -     ⬆️  Uploaded .npy to S3 in 0.1s
2026-02-13 00:08:27,403 - INFO -     🗑️  Deleted raw .nc
2026-02-13 00:08:48,968 - INFO -     ⬇️  Downloaded NC_H08_20251119_1430_R21_FLDK.07001_06001.nc (471MB) in 21.5s
2026-02-13 00:08:48,991 - INFO -     ✂️  Cropped to (64, 64) in 0.0s → NC_H08_20251119_1430_R21_FLDK.07001_06001.npy
2026-02-13 00:08:49,062 - INFO -     ⬆️  Uploaded .npy to S3 in 0.1s
2026-02-13 00:08:49,069 - INFO -     🗑️  Deleted raw .nc
2026-02-13 00:09:05,157 - INFO -     ⬇️  Downloaded NC_H08_20251119_1450_R21_FLDK.07001_06001.nc (468MB) in 15.9s
2026-02-13 00:09:05,174 - INFO -     ✂️  Cropped to (64, 64) in 0.0s → NC_H08_20251119_1450_R21_FLDK.07001_06001.npy
2026-02-13 00:09:05,230 - INFO -     ⬆️  Uploaded .npy to S3 in 0.1s
2026-02-13 00:09:05,236 - INFO -     🗑️  Deleted raw .nc
2026-02-13 00:09:23,303 - INFO -     ⬇️  Downloaded NC_H08_20251119_1620_R21_FLDK.07001_06001.nc (486MB) in 18.0s
2026-02-13 00:09:23,330 - INFO -     ✂️  Cropped to (64, 64) in 0.0s → NC_H08_20251119_1620_R21_FLDK.07001_06001.npy
2026-02-13 00:09:23,381 - INFO -     ⬆️  Uploaded .npy to S3 in 0.1s
2026-02-13 00:09:23,388 - INFO -     🗑️  Deleted raw .nc
2026-02-13 00:09:44,476 - INFO -     ⬇️  Downloaded NC_H08_20251119_1630_R21_FLDK.07001_06001.nc (489MB) in 20.9s
2026-02-13 00:09:44,507 - INFO -     ✂️  Cropped to (64, 64) in 0.0s → NC_H08_20251119_1630_R21_FLDK.07001_06001.npy
2026-02-13 00:09:44,571 - INFO -     ⬆️  Uploaded .npy to S3 in 0.1s
2026-02-13 00:09:44,579 - INFO -     🗑️  Deleted raw .nc
2026-02-13 00:10:06,790 - INFO -     ⬇️  Downloaded NC_H08_20251119_1710_R21_FLDK.07001_06001.nc (508MB) in 22.1s
2026-02-13 00:10:06,808 - INFO -     ✂️  Cropped to (64, 64) in 0.0s → NC_H08_20251119_1710_R21_FLDK.07001_06001.npy
2026-02-13 00:10:06,871 - INFO -     ⬆️  Uploaded .npy to S3 in 0.1s
2026-02-13 00:10:06,878 - INFO -     🗑️  Deleted raw .nc
2026-02-13 00:10:31,410 - INFO -     ⬇️  Downloaded NC_H08_20251119_2320_R21_FLDK.07001_06001.nc (664MB) in 24.4s
2026-02-13 00:10:31,428 - INFO -     ✂️  Cropped to (64, 64) in 0.0s → NC_H08_20251119_2320_R21_FLDK.07001_06001.npy
2026-02-13 00:10:31,496 - INFO -     ⬆️  Uploaded .npy to S3 in 0.1s
2026-02-13 00:10:31,504 - INFO -     🗑️  Deleted raw .nc
2026-02-13 00:11:01,929 - INFO -     ⬇️  Downloaded NC_H08_20251119_2330_R21_FLDK.07001_06001.nc (669MB) in 30.3s
2026-02-13 00:11:01,953 - INFO -     ✂️  Cropped to (64, 64) in 0.0s → NC_H08_20251119_2330_R21_FLDK.07001_06001.npy
2026-02-13 00:11:02,020 - INFO -     ⬆️  Uploaded .npy to S3 in 0.1s
2026-02-13 00:11:02,029 - INFO -     🗑️  Deleted raw .nc
2026-02-13 00:11:29,174 - INFO -     ⬇️  Downloaded NC_H08_20251119_2340_R21_FLDK.07001_06001.nc (673MB) in 27.1s
2026-02-13 00:11:29,194 - INFO -     ✂️  Cropped to (64, 64) in 0.0s → NC_H08_20251119_2340_R21_FLDK.07001_06001.npy
2026-02-13 00:11:29,248 - INFO -     ⬆️  Uploaded .npy to S3 in 0.1s
2026-02-13 00:11:29,257 - INFO -     🗑️  Deleted raw .nc
2026-02-13 00:11:52,131 - INFO -     ⬇️  Downloaded NC_H08_20251119_2350_R21_FLDK.07001_06001.nc (678MB) in 22.8s
2026-02-13 00:11:52,159 - INFO -     ✂️  Cropped to (64, 64) in 0.0s → NC_H08_20251119_2350_R21_FLDK.07001_06001.npy
2026-02-13 00:11:52,209 - INFO -     ⬆️  Uploaded .npy to S3 in 0.1s
2026-02-13 00:11:52,216 - INFO -     🗑️  Deleted raw .nc
2026-02-13 00:11:52,216 - INFO -   2025-11-19: processed=34, skipped=0, time=927.6s
2026-02-13 00:11:52,217 - INFO - 
[36/48] Processing 2025-11-20 (78 slots, 810.6mm)
2026-02-13 00:12:23,462 - INFO -     ⬇️  Downloaded NC_H08_20251120_0000_R21_FLDK.07001_06001.nc (682MB) in 31.2s
2026-02-13 00:12:23,485 - INFO -     ✂️  Cropped to (64, 64) in 0.0s → NC_H08_20251120_0000_R21_FLDK.07001_06001.npy
2026-02-13 00:12:23,546 - INFO -     ⬆️  Uploaded .npy to S3 in 0.1s
2026-02-13 00:12:23,555 - INFO -     🗑️  Deleted raw .nc
2026-02-13 00:12:49,477 - INFO -     ⬇️  Downloaded NC_H08_20251120_0010_R21_FLDK.07001_06001.nc (686MB) in 25.8s
2026-02-13 00:12:49,501 - INFO -     ✂️  Cropped to (64, 64) in 0.0s → NC_H08_20251120_0010_R21_FLDK.07001_06001.npy
2026-02-13 00:12:49,554 - INFO -     ⬆️  Uploaded .npy to S3 in 0.1s
2026-02-13 00:12:49,563 - INFO -     🗑️  Deleted raw .nc
2026-02-13 00:13:13,242 - INFO -     ⬇️  Downloaded NC_H08_20251120_0020_R21_FLDK.07001_06001.nc (690MB) in 23.6s
2026-02-13 00:13:13,274 - INFO -     ✂️  Cropped to (64, 64) in 0.0s → NC_H08_20251120_0020_R21_FLDK.07001_06001.npy
2026-02-13 00:13:13,410 - INFO -     ⬆️  Uploaded .npy to S3 in 0.1s
2026-02-13 00:13:13,428 - INFO -     🗑️  Deleted raw .nc
2026-02-13 00:13:41,821 - INFO -     ⬇️  Downloaded NC_H08_20251120_0030_R21_FLDK.07001_06001.nc (693MB) in 28.2s
2026-02-13 00:13:41,853 - INFO -     ✂️  Cropped to (64, 64) in 0.0s → NC_H08_20251120_0030_R21_FLDK.07001_06001.npy
2026-02-13 00:13:41,904 - INFO -     ⬆️  Uploaded .npy to S3 in 0.1s
2026-02-13 00:13:41,915 - INFO -     🗑️  Deleted raw .nc
2026-02-13 00:14:10,423 - INFO -     ⬇️  Downloaded NC_H08_20251120_0040_R21_FLDK.07001_06001.nc (696MB) in 28.4s
2026-02-13 00:14:10,460 - INFO -     ✂️  Cropped to (64, 64) in 0.0s → NC_H08_20251120_0040_R21_FLDK.07001_06001.npy
2026-02-13 00:14:10,526 - INFO -     ⬆️  Uploaded .npy to S3 in 0.1s
2026-02-13 00:14:10,540 - INFO -     🗑️  Deleted raw .nc
2026-02-13 00:14:38,311 - INFO -     ⬇️  Downloaded NC_H08_20251120_0050_R21_FLDK.07001_06001.nc (698MB) in 27.7s
2026-02-13 00:14:38,328 - INFO -     ✂️  Cropped to (64, 64) in 0.0s → NC_H08_20251120_0050_R21_FLDK.07001_06001.npy
2026-02-13 00:14:38,671 - INFO -     ⬆️  Uploaded .npy to S3 in 0.3s
2026-02-13 00:14:38,693 - INFO -     🗑️  Deleted raw .nc
2026-02-13 00:15:11,805 - INFO -     ⬇️  Downloaded NC_H08_20251120_0100_R21_FLDK.07001_06001.nc (700MB) in 32.9s
2026-02-13 00:15:11,838 - INFO -     ✂️  Cropped to (64, 64) in 0.0s → NC_H08_20251120_0100_R21_FLDK.07001_06001.npy
2026-02-13 00:15:11,893 - INFO -     ⬆️  Uploaded .npy to S3 in 0.1s
2026-02-13 00:15:11,908 - INFO -     🗑️  Deleted raw .nc
2026-02-13 00:15:38,678 - INFO -     ⬇️  Downloaded NC_H08_20251120_0110_R21_FLDK.07001_06001.nc (702MB) in 26.7s
2026-02-13 00:15:38,696 - INFO -     ✂️  Cropped to (64, 64) in 0.0s → NC_H08_20251120_0110_R21_FLDK.07001_06001.npy
2026-02-13 00:15:38,749 - INFO -     ⬆️  Uploaded .npy to S3 in 0.1s
2026-02-13 00:15:38,773 - INFO -     🗑️  Deleted raw .nc
2026-02-13 00:16:09,851 - INFO -     ⬇️  Downloaded NC_H08_20251120_0120_R21_FLDK.07001_06001.nc (703MB) in 31.0s
2026-02-13 00:16:09,868 - INFO -     ✂️  Cropped to (64, 64) in 0.0s → NC_H08_20251120_0120_R21_FLDK.07001_06001.npy
2026-02-13 00:16:09,982 - INFO -     ⬆️  Uploaded .npy to S3 in 0.1s
2026-02-13 00:16:09,996 - INFO -     🗑️  Deleted raw .nc
2026-02-13 00:16:37,483 - INFO -     ⬇️  Downloaded NC_H08_20251120_0130_R21_FLDK.07001_06001.nc (705MB) in 27.3s
2026-02-13 00:16:37,507 - INFO -     ✂️  Cropped to (64, 64) in 0.0s → NC_H08_20251120_0130_R21_FLDK.07001_06001.npy
2026-02-13 00:16:37,615 - INFO -     ⬆️  Uploaded .npy to S3 in 0.1s
2026-02-13 00:16:37,626 - INFO -     🗑️  Deleted raw .nc
2026-02-13 00:17:01,179 - INFO -     ⬇️  Downloaded NC_H08_20251120_0140_R21_FLDK.07001_06001.nc (706MB) in 23.5s
2026-02-13 00:17:01,196 - INFO -     ✂️  Cropped to (64, 64) in 0.0s → NC_H08_20251120_0140_R21_FLDK.07001_06001.npy
2026-02-13 00:17:01,255 - INFO -     ⬆️  Uploaded .npy to S3 in 0.1s
2026-02-13 00:17:01,265 - INFO -     🗑️  Deleted raw .nc
2026-02-13 00:17:33,315 - INFO -     ⬇️  Downloaded NC_H08_20251120_0150_R21_FLDK.07001_06001.nc (707MB) in 31.9s
2026-02-13 00:17:33,334 - INFO -     ✂️  Cropped to (64, 64) in 0.0s → NC_H08_20251120_0150_R21_FLDK.07001_06001.npy
2026-02-13 00:17:33,408 - INFO -     ⬆️  Uploaded .npy to S3 in 0.1s
2026-02-13 00:17:33,419 - INFO -     🗑️  Deleted raw .nc
2026-02-13 00:18:00,598 - INFO -     ⬇️  Downloaded NC_H08_20251120_0200_R21_FLDK.07001_06001.nc (707MB) in 27.1s
2026-02-13 00:18:00,617 - INFO -     ✂️  Cropped to (64, 64) in 0.0s → NC_H08_20251120_0200_R21_FLDK.07001_06001.npy
2026-02-13 00:18:00,675 - INFO -     ⬆️  Uploaded .npy to S3 in 0.1s
2026-02-13 00:18:00,687 - INFO -     🗑️  Deleted raw .nc
2026-02-13 00:18:29,943 - INFO -     ⬇️  Downloaded NC_H08_20251120_0210_R21_FLDK.07001_06001.nc (708MB) in 29.2s
2026-02-13 00:18:29,963 - INFO -     ✂️  Cropped to (64, 64) in 0.0s → NC_H08_20251120_0210_R21_FLDK.07001_06001.npy
2026-02-13 00:18:30,018 - INFO -     ⬆️  Uploaded .npy to S3 in 0.1s
2026-02-13 00:18:30,030 - INFO -     🗑️  Deleted raw .nc
2026-02-13 00:19:03,317 - INFO -     ⬇️  Downloaded NC_H08_20251120_0220_R21_FLDK.07001_06001.nc (708MB) in 33.2s
2026-02-13 00:19:03,335 - INFO -     ✂️  Cropped to (64, 64) in 0.0s → NC_H08_20251120_0220_R21_FLDK.07001_06001.npy
2026-02-13 00:19:03,398 - INFO -     ⬆️  Uploaded .npy to S3 in 0.1s
2026-02-13 00:19:03,408 - INFO -     🗑️  Deleted raw .nc
2026-02-13 00:19:35,224 - INFO -     ⬇️  Downloaded NC_H08_20251120_0230_R21_FLDK.07001_06001.nc (708MB) in 31.7s
2026-02-13 00:19:35,244 - INFO -     ✂️  Cropped to (64, 64) in 0.0s → NC_H08_20251120_0230_R21_FLDK.07001_06001.npy
2026-02-13 00:19:36,455 - INFO -     ⬆️  Uploaded .npy to S3 in 1.2s
2026-02-13 00:19:36,464 - INFO -     🗑️  Deleted raw .nc
2026-02-13 00:19:42,950 - INFO -   2025-11-20: processed=16, skipped=61, time=470.7s
2026-02-13 00:19:42,952 - INFO - 
[37/48] Processing 2025-11-21 (6 slots, 5.6mm)
2026-02-13 00:20:16,658 - INFO -     ⬇️  Downloaded NC_H08_20251121_0810_R21_FLDK.07001_06001.nc (592MB) in 33.5s
2026-02-13 00:20:16,699 - INFO -     ✂️  Cropped to (64, 64) in 0.0s → NC_H08_20251121_0810_R21_FLDK.07001_06001.npy
2026-02-13 00:20:16,751 - INFO -     ⬆️  Uploaded .npy to S3 in 0.1s
2026-02-13 00:20:16,758 - INFO -     🗑️  Deleted raw .nc
2026-02-13 00:20:43,100 - INFO -     ⬇️  Downloaded NC_H08_20251121_0820_R21_FLDK.07001_06001.nc (587MB) in 26.3s
2026-02-13 00:20:43,126 - INFO -     ✂️  Cropped to (64, 64) in 0.0s → NC_H08_20251121_0820_R21_FLDK.07001_06001.npy
2026-02-13 00:20:43,555 - INFO -     ⬆️  Uploaded .npy to S3 in 0.4s
2026-02-13 00:20:43,566 - INFO -     🗑️  Deleted raw .nc
2026-02-13 00:21:13,041 - INFO -     ⬇️  Downloaded NC_H08_20251121_0830_R21_FLDK.07001_06001.nc (583MB) in 29.4s
2026-02-13 00:21:13,073 - INFO -     ✂️  Cropped to (64, 64) in 0.0s → NC_H08_20251121_0830_R21_FLDK.07001_06001.npy
2026-02-13 00:21:13,127 - INFO -     ⬆️  Uploaded .npy to S3 in 0.1s
2026-02-13 00:21:13,139 - INFO -     🗑️  Deleted raw .nc
2026-02-13 00:21:39,093 - INFO -     ⬇️  Downloaded NC_H08_20251121_0840_R21_FLDK.07001_06001.nc (578MB) in 25.9s
2026-02-13 00:21:39,111 - INFO -     ✂️  Cropped to (64, 64) in 0.0s → NC_H08_20251121_0840_R21_FLDK.07001_06001.npy
2026-02-13 00:21:39,193 - INFO -     ⬆️  Uploaded .npy to S3 in 0.1s
2026-02-13 00:21:39,201 - INFO -     🗑️  Deleted raw .nc
2026-02-13 00:21:57,891 - INFO -     ⬇️  Downloaded NC_H08_20251121_0850_R21_FLDK.07001_06001.nc (574MB) in 18.6s
2026-02-13 00:21:57,914 - INFO -     ✂️  Cropped to (64, 64) in 0.0s → NC_H08_20251121_0850_R21_FLDK.07001_06001.npy
2026-02-13 00:21:58,069 - INFO -     ⬆️  Uploaded .npy to S3 in 0.2s
2026-02-13 00:21:58,078 - INFO -     🗑️  Deleted raw .nc
2026-02-13 00:22:19,995 - INFO -     ⬇️  Downloaded NC_H08_20251121_1010_R21_FLDK.07001_06001.nc (540MB) in 21.8s
2026-02-13 00:22:20,018 - INFO -     ✂️  Cropped to (64, 64) in 0.0s → NC_H08_20251121_1010_R21_FLDK.07001_06001.npy
2026-02-13 00:22:20,076 - INFO -     ⬆️  Uploaded .npy to S3 in 0.1s
2026-02-13 00:22:20,081 - INFO -     🗑️  Deleted raw .nc
2026-02-13 00:22:20,081 - INFO -   2025-11-21: processed=6, skipped=0, time=157.1s
2026-02-13 00:22:20,082 - INFO - 
[38/48] Processing 2025-11-22 (63 slots, 1719.8mm)
2026-02-13 00:22:46,821 - INFO -     ⬇️  Downloaded NC_H08_20251122_0040_R21_FLDK.07001_06001.nc (698MB) in 26.7s
2026-02-13 00:22:46,871 - INFO -     ✂️  Cropped to (64, 64) in 0.0s → NC_H08_20251122_0040_R21_FLDK.07001_06001.npy
2026-02-13 00:22:46,998 - INFO -     ⬆️  Uploaded .npy to S3 in 0.1s
2026-02-13 00:22:47,013 - INFO -     🗑️  Deleted raw .nc
2026-02-13 00:23:10,230 - INFO -     ⬇️  Downloaded NC_H08_20251122_0050_R21_FLDK.07001_06001.nc (700MB) in 23.1s
2026-02-13 00:23:10,249 - INFO -     ✂️  Cropped to (64, 64) in 0.0s → NC_H08_20251122_0050_R21_FLDK.07001_06001.npy
2026-02-13 00:23:10,354 - INFO -     ⬆️  Uploaded .npy to S3 in 0.1s
2026-02-13 00:23:10,366 - INFO -     🗑️  Deleted raw .nc
2026-02-13 00:23:33,647 - INFO -     ⬇️  Downloaded NC_H08_20251122_0100_R21_FLDK.07001_06001.nc (702MB) in 23.2s
2026-02-13 00:23:33,663 - INFO -     ✂️  Cropped to (64, 64) in 0.0s → NC_H08_20251122_0100_R21_FLDK.07001_06001.npy
2026-02-13 00:23:33,727 - INFO -     ⬆️  Uploaded .npy to S3 in 0.1s
2026-02-13 00:23:33,735 - INFO -     🗑️  Deleted raw .nc
2026-02-13 00:23:59,503 - INFO -     ⬇️  Downloaded NC_H08_20251122_0110_R21_FLDK.07001_06001.nc (704MB) in 25.7s
2026-02-13 00:23:59,523 - INFO -     ✂️  Cropped to (64, 64) in 0.0s → NC_H08_20251122_0110_R21_FLDK.07001_06001.npy
2026-02-13 00:23:59,606 - INFO -     ⬆️  Uploaded .npy to S3 in 0.1s
2026-02-13 00:23:59,617 - INFO -     🗑️  Deleted raw .nc
2026-02-13 00:24:22,083 - INFO -     ⬇️  Downloaded NC_H08_20251122_0120_R21_FLDK.07001_06001.nc (706MB) in 22.3s
2026-02-13 00:24:22,107 - INFO -     ✂️  Cropped to (64, 64) in 0.0s → NC_H08_20251122_0120_R21_FLDK.07001_06001.npy
2026-02-13 00:24:22,163 - INFO -     ⬆️  Uploaded .npy to S3 in 0.1s
2026-02-13 00:24:22,172 - INFO -     🗑️  Deleted raw .nc
2026-02-13 00:24:44,412 - INFO -     ⬇️  Downloaded NC_H08_20251122_0130_R21_FLDK.07001_06001.nc (708MB) in 22.2s
2026-02-13 00:24:44,444 - INFO -     ✂️  Cropped to (64, 64) in 0.0s → NC_H08_20251122_0130_R21_FLDK.07001_06001.npy
2026-02-13 00:24:44,561 - INFO -     ⬆️  Uploaded .npy to S3 in 0.1s
2026-02-13 00:24:44,576 - INFO -     🗑️  Deleted raw .nc
2026-02-13 00:25:10,996 - INFO -     ⬇️  Downloaded NC_H08_20251122_0140_R21_FLDK.07001_06001.nc (709MB) in 26.3s
2026-02-13 00:25:11,031 - INFO -     ✂️  Cropped to (64, 64) in 0.0s → NC_H08_20251122_0140_R21_FLDK.07001_06001.npy
2026-02-13 00:25:11,177 - INFO -     ⬆️  Uploaded .npy to S3 in 0.1s
2026-02-13 00:25:11,188 - INFO -     🗑️  Deleted raw .nc
2026-02-13 00:25:34,790 - INFO -     ⬇️  Downloaded NC_H08_20251122_0150_R21_FLDK.07001_06001.nc (710MB) in 23.5s
2026-02-13 00:25:34,806 - INFO -     ✂️  Cropped to (64, 64) in 0.0s → NC_H08_20251122_0150_R21_FLDK.07001_06001.npy
2026-02-13 00:25:34,855 - INFO -     ⬆️  Uploaded .npy to S3 in 0.0s
2026-02-13 00:25:34,864 - INFO -     🗑️  Deleted raw .nc
2026-02-13 00:25:55,846 - INFO -     ⬇️  Downloaded NC_H08_20251122_0200_R21_FLDK.07001_06001.nc (711MB) in 20.9s
2026-02-13 00:25:55,864 - INFO -     ✂️  Cropped to (64, 64) in 0.0s → NC_H08_20251122_0200_R21_FLDK.07001_06001.npy
2026-02-13 00:25:56,081 - INFO -     ⬆️  Uploaded .npy to S3 in 0.2s
2026-02-13 00:25:56,092 - INFO -     🗑️  Deleted raw .nc
2026-02-13 00:26:24,511 - INFO -     ⬇️  Downloaded NC_H08_20251122_0210_R21_FLDK.07001_06001.nc (712MB) in 28.3s
2026-02-13 00:26:24,533 - INFO -     ✂️  Cropped to (64, 64) in 0.0s → NC_H08_20251122_0210_R21_FLDK.07001_06001.npy
2026-02-13 00:26:24,589 - INFO -     ⬆️  Uploaded .npy to S3 in 0.1s
2026-02-13 00:26:24,597 - INFO -     🗑️  Deleted raw .nc
2026-02-13 00:26:49,376 - INFO -     ⬇️  Downloaded NC_H08_20251122_0220_R21_FLDK.07001_06001.nc (712MB) in 24.7s
2026-02-13 00:26:49,399 - INFO -     ✂️  Cropped to (64, 64) in 0.0s → NC_H08_20251122_0220_R21_FLDK.07001_06001.npy
2026-02-13 00:26:49,449 - INFO -     ⬆️  Uploaded .npy to S3 in 0.0s
2026-02-13 00:26:49,459 - INFO -     🗑️  Deleted raw .nc
2026-02-13 00:27:16,251 - INFO -     ⬇️  Downloaded NC_H08_20251122_0230_R21_FLDK.07001_06001.nc (712MB) in 26.7s
2026-02-13 00:27:16,279 - INFO -     ✂️  Cropped to (64, 64) in 0.0s → NC_H08_20251122_0230_R21_FLDK.07001_06001.npy
2026-02-13 00:27:16,339 - INFO -     ⬆️  Uploaded .npy to S3 in 0.1s
2026-02-13 00:27:16,351 - INFO -     🗑️  Deleted raw .nc
2026-02-13 00:27:40,454 - INFO -     ⬇️  Downloaded NC_H08_20251122_0250_R21_FLDK.07001_06001.nc (712MB) in 23.8s
2026-02-13 00:27:40,477 - INFO -     ✂️  Cropped to (64, 64) in 0.0s → NC_H08_20251122_0250_R21_FLDK.07001_06001.npy
2026-02-13 00:27:40,557 - INFO -     ⬆️  Uploaded .npy to S3 in 0.1s
2026-02-13 00:27:40,568 - INFO -     🗑️  Deleted raw .nc
2026-02-13 00:28:02,947 - INFO -     ⬇️  Downloaded NC_H08_20251122_0300_R21_FLDK.07001_06001.nc (712MB) in 22.3s
2026-02-13 00:28:02,963 - INFO -     ✂️  Cropped to (64, 64) in 0.0s → NC_H08_20251122_0300_R21_FLDK.07001_06001.npy
2026-02-13 00:28:03,031 - INFO -     ⬆️  Uploaded .npy to S3 in 0.1s
2026-02-13 00:28:03,041 - INFO -     🗑️  Deleted raw .nc
2026-02-13 00:28:32,826 - INFO -     ⬇️  Downloaded NC_H08_20251122_0310_R21_FLDK.07001_06001.nc (712MB) in 29.7s
2026-02-13 00:28:32,844 - INFO -     ✂️  Cropped to (64, 64) in 0.0s → NC_H08_20251122_0310_R21_FLDK.07001_06001.npy
2026-02-13 00:28:32,975 - INFO -     ⬆️  Uploaded .npy to S3 in 0.1s
2026-02-13 00:28:32,993 - INFO -     🗑️  Deleted raw .nc
2026-02-13 00:28:58,938 - INFO -     ⬇️  Downloaded NC_H08_20251122_0320_R21_FLDK.07001_06001.nc (711MB) in 25.8s
2026-02-13 00:28:58,956 - INFO -     ✂️  Cropped to (64, 64) in 0.0s → NC_H08_20251122_0320_R21_FLDK.07001_06001.npy
2026-02-13 00:28:59,022 - INFO -     ⬆️  Uploaded .npy to S3 in 0.1s
2026-02-13 00:28:59,034 - INFO -     🗑️  Deleted raw .nc
2026-02-13 00:29:23,292 - INFO -     ⬇️  Downloaded NC_H08_20251122_0330_R21_FLDK.07001_06001.nc (710MB) in 24.2s
2026-02-13 00:29:23,314 - INFO -     ✂️  Cropped to (64, 64) in 0.0s → NC_H08_20251122_0330_R21_FLDK.07001_06001.npy
2026-02-13 00:29:23,381 - INFO -     ⬆️  Uploaded .npy to S3 in 0.1s
2026-02-13 00:29:23,389 - INFO -     🗑️  Deleted raw .nc
2026-02-13 00:29:56,321 - INFO -     ⬇️  Downloaded NC_H08_20251122_0340_R21_FLDK.07001_06001.nc (708MB) in 32.8s
2026-02-13 00:29:56,343 - INFO -     ✂️  Cropped to (64, 64) in 0.0s → NC_H08_20251122_0340_R21_FLDK.07001_06001.npy
2026-02-13 00:29:56,462 - INFO -     ⬆️  Uploaded .npy to S3 in 0.1s
2026-02-13 00:29:56,475 - INFO -     🗑️  Deleted raw .nc
2026-02-13 00:30:23,039 - INFO -     ⬇️  Downloaded NC_H08_20251122_0350_R21_FLDK.07001_06001.nc (707MB) in 26.5s
2026-02-13 00:30:23,062 - INFO -     ✂️  Cropped to (64, 64) in 0.0s → NC_H08_20251122_0350_R21_FLDK.07001_06001.npy
2026-02-13 00:30:23,114 - INFO -     ⬆️  Uploaded .npy to S3 in 0.1s
2026-02-13 00:30:23,122 - INFO -     🗑️  Deleted raw .nc
2026-02-13 00:30:47,189 - INFO -     ⬇️  Downloaded NC_H08_20251122_0400_R21_FLDK.07001_06001.nc (705MB) in 24.0s
2026-02-13 00:30:47,217 - INFO -     ✂️  Cropped to (64, 64) in 0.0s → NC_H08_20251122_0400_R21_FLDK.07001_06001.npy
2026-02-13 00:30:47,497 - INFO -     ⬆️  Uploaded .npy to S3 in 0.3s
2026-02-13 00:30:47,521 - INFO -     🗑️  Deleted raw .nc
2026-02-13 00:31:19,200 - INFO -     ⬇️  Downloaded NC_H08_20251122_0410_R21_FLDK.07001_06001.nc (702MB) in 31.5s
2026-02-13 00:31:19,223 - INFO -     ✂️  Cropped to (64, 64) in 0.0s → NC_H08_20251122_0410_R21_FLDK.07001_06001.npy
2026-02-13 00:31:19,280 - INFO -     ⬆️  Uploaded .npy to S3 in 0.1s
2026-02-13 00:31:19,292 - INFO -     🗑️  Deleted raw .nc
2026-02-13 00:31:42,283 - INFO -     ⬇️  Downloaded NC_H08_20251122_0420_R21_FLDK.07001_06001.nc (699MB) in 22.9s
2026-02-13 00:31:42,301 - INFO -     ✂️  Cropped to (64, 64) in 0.0s → NC_H08_20251122_0420_R21_FLDK.07001_06001.npy
2026-02-13 00:31:42,367 - INFO -     ⬆️  Uploaded .npy to S3 in 0.1s
2026-02-13 00:31:42,377 - INFO -     🗑️  Deleted raw .nc
2026-02-13 00:32:13,122 - INFO -     ⬇️  Downloaded NC_H08_20251122_0430_R21_FLDK.07001_06001.nc (696MB) in 30.7s
2026-02-13 00:32:13,158 - INFO -     ✂️  Cropped to (64, 64) in 0.0s → NC_H08_20251122_0430_R21_FLDK.07001_06001.npy
2026-02-13 00:32:13,307 - INFO -     ⬆️  Uploaded .npy to S3 in 0.1s
2026-02-13 00:32:13,319 - INFO -     🗑️  Deleted raw .nc
2026-02-13 00:32:45,603 - INFO -     ⬇️  Downloaded NC_H08_20251122_0440_R21_FLDK.07001_06001.nc (693MB) in 32.2s
2026-02-13 00:32:45,631 - INFO -     ✂️  Cropped to (64, 64) in 0.0s → NC_H08_20251122_0440_R21_FLDK.07001_06001.npy
2026-02-13 00:32:45,686 - INFO -     ⬆️  Uploaded .npy to S3 in 0.1s
2026-02-13 00:32:45,698 - INFO -     🗑️  Deleted raw .nc
2026-02-13 00:33:16,682 - INFO -     ⬇️  Downloaded NC_H08_20251122_0450_R21_FLDK.07001_06001.nc (689MB) in 30.9s
2026-02-13 00:33:16,716 - INFO -     ✂️  Cropped to (64, 64) in 0.0s → NC_H08_20251122_0450_R21_FLDK.07001_06001.npy
2026-02-13 00:33:16,852 - INFO -     ⬆️  Uploaded .npy to S3 in 0.1s
2026-02-13 00:33:16,870 - INFO -     🗑️  Deleted raw .nc
2026-02-13 00:33:50,980 - INFO -     ⬇️  Downloaded NC_H08_20251122_0500_R21_FLDK.07001_06001.nc (685MB) in 34.0s
2026-02-13 00:33:51,005 - INFO -     ✂️  Cropped to (64, 64) in 0.0s → NC_H08_20251122_0500_R21_FLDK.07001_06001.npy
2026-02-13 00:33:51,065 - INFO -     ⬆️  Uploaded .npy to S3 in 0.1s
2026-02-13 00:33:51,075 - INFO -     🗑️  Deleted raw .nc
2026-02-13 00:34:19,986 - INFO -     ⬇️  Downloaded NC_H08_20251122_0510_R21_FLDK.07001_06001.nc (681MB) in 28.8s
2026-02-13 00:34:20,011 - INFO -     ✂️  Cropped to (64, 64) in 0.0s → NC_H08_20251122_0510_R21_FLDK.07001_06001.npy
2026-02-13 00:34:20,064 - INFO -     ⬆️  Uploaded .npy to S3 in 0.1s
2026-02-13 00:34:20,073 - INFO -     🗑️  Deleted raw .nc
2026-02-13 00:34:50,692 - INFO -     ⬇️  Downloaded NC_H08_20251122_0520_R21_FLDK.07001_06001.nc (676MB) in 30.5s
2026-02-13 00:34:50,725 - INFO -     ✂️  Cropped to (64, 64) in 0.0s → NC_H08_20251122_0520_R21_FLDK.07001_06001.npy
2026-02-13 00:34:50,779 - INFO -     ⬆️  Uploaded .npy to S3 in 0.1s
2026-02-13 00:34:50,788 - INFO -     🗑️  Deleted raw .nc
2026-02-13 00:35:20,226 - INFO -     ⬇️  Downloaded NC_H08_20251122_0530_R21_FLDK.07001_06001.nc (672MB) in 29.4s
2026-02-13 00:35:20,249 - INFO -     ✂️  Cropped to (64, 64) in 0.0s → NC_H08_20251122_0530_R21_FLDK.07001_06001.npy
2026-02-13 00:35:20,365 - INFO -     ⬆️  Uploaded .npy to S3 in 0.1s
2026-02-13 00:35:20,379 - INFO -     🗑️  Deleted raw .nc
2026-02-13 00:35:47,368 - INFO -     ⬇️  Downloaded NC_H08_20251122_0540_R21_FLDK.07001_06001.nc (667MB) in 26.9s
2026-02-13 00:35:47,395 - INFO -     ✂️  Cropped to (64, 64) in 0.0s → NC_H08_20251122_0540_R21_FLDK.07001_06001.npy
2026-02-13 00:35:47,447 - INFO -     ⬆️  Uploaded .npy to S3 in 0.1s
2026-02-13 00:35:47,457 - INFO -     🗑️  Deleted raw .nc
2026-02-13 00:36:22,836 - INFO -     ⬇️  Downloaded NC_H08_20251122_0550_R21_FLDK.07001_06001.nc (663MB) in 35.3s
2026-02-13 00:36:22,869 - INFO -     ✂️  Cropped to (64, 64) in 0.0s → NC_H08_20251122_0550_R21_FLDK.07001_06001.npy
2026-02-13 00:36:22,941 - INFO -     ⬆️  Uploaded .npy to S3 in 0.1s
2026-02-13 00:36:22,946 - INFO -     🗑️  Deleted raw .nc
2026-02-13 00:36:46,592 - INFO -     ⬇️  Downloaded NC_H08_20251122_0600_R21_FLDK.07001_06001.nc (658MB) in 23.6s
2026-02-13 00:36:46,617 - INFO -     ✂️  Cropped to (64, 64) in 0.0s → NC_H08_20251122_0600_R21_FLDK.07001_06001.npy
2026-02-13 00:36:46,664 - INFO -     ⬆️  Uploaded .npy to S3 in 0.0s
2026-02-13 00:36:46,855 - INFO -     🗑️  Deleted raw .nc
2026-02-13 00:37:12,116 - INFO -     ⬇️  Downloaded NC_H08_20251122_0610_R21_FLDK.07001_06001.nc (654MB) in 25.1s
2026-02-13 00:37:12,156 - INFO -     ✂️  Cropped to (64, 64) in 0.0s → NC_H08_20251122_0610_R21_FLDK.07001_06001.npy
2026-02-13 00:37:12,221 - INFO -     ⬆️  Uploaded .npy to S3 in 0.1s
2026-02-13 00:37:12,229 - INFO -     🗑️  Deleted raw .nc
2026-02-13 00:37:41,623 - INFO -     ⬇️  Downloaded NC_H08_20251122_0620_R21_FLDK.07001_06001.nc (649MB) in 29.3s
2026-02-13 00:37:41,657 - INFO -     ✂️  Cropped to (64, 64) in 0.0s → NC_H08_20251122_0620_R21_FLDK.07001_06001.npy
2026-02-13 00:37:41,718 - INFO -     ⬆️  Uploaded .npy to S3 in 0.1s
2026-02-13 00:37:41,732 - INFO -     🗑️  Deleted raw .nc
2026-02-13 00:38:05,815 - INFO -     ⬇️  Downloaded NC_H08_20251122_0630_R21_FLDK.07001_06001.nc (644MB) in 23.8s
2026-02-13 00:38:05,831 - INFO -     ✂️  Cropped to (64, 64) in 0.0s → NC_H08_20251122_0630_R21_FLDK.07001_06001.npy
2026-02-13 00:38:05,892 - INFO -     ⬆️  Uploaded .npy to S3 in 0.1s
2026-02-13 00:38:05,900 - INFO -     🗑️  Deleted raw .nc
2026-02-13 00:38:29,874 - INFO -     ⬇️  Downloaded NC_H08_20251122_0640_R21_FLDK.07001_06001.nc (640MB) in 23.9s
2026-02-13 00:38:29,895 - INFO -     ✂️  Cropped to (64, 64) in 0.0s → NC_H08_20251122_0640_R21_FLDK.07001_06001.npy
2026-02-13 00:38:30,043 - INFO -     ⬆️  Uploaded .npy to S3 in 0.1s
2026-02-13 00:38:30,051 - INFO -     🗑️  Deleted raw .nc
2026-02-13 00:38:58,236 - INFO -     ⬇️  Downloaded NC_H08_20251122_0650_R21_FLDK.07001_06001.nc (635MB) in 28.0s
2026-02-13 00:38:58,256 - INFO -     ✂️  Cropped to (64, 64) in 0.0s → NC_H08_20251122_0650_R21_FLDK.07001_06001.npy
2026-02-13 00:38:58,317 - INFO -     ⬆️  Uploaded .npy to S3 in 0.1s
2026-02-13 00:38:58,327 - INFO -     🗑️  Deleted raw .nc
2026-02-13 00:39:19,705 - INFO -     ⬇️  Downloaded NC_H08_20251122_0710_R21_FLDK.07001_06001.nc (626MB) in 21.3s
2026-02-13 00:39:19,728 - INFO -     ✂️  Cropped to (64, 64) in 0.0s → NC_H08_20251122_0710_R21_FLDK.07001_06001.npy
2026-02-13 00:39:19,803 - INFO -     ⬆️  Uploaded .npy to S3 in 0.1s
2026-02-13 00:39:19,811 - INFO -     🗑️  Deleted raw .nc
2026-02-13 00:39:41,065 - INFO -     ⬇️  Downloaded NC_H08_20251122_0720_R21_FLDK.07001_06001.nc (621MB) in 21.2s
2026-02-13 00:39:41,102 - INFO -     ✂️  Cropped to (64, 64) in 0.0s → NC_H08_20251122_0720_R21_FLDK.07001_06001.npy
2026-02-13 00:39:41,315 - INFO -     ⬆️  Uploaded .npy to S3 in 0.2s
2026-02-13 00:39:41,324 - INFO -     🗑️  Deleted raw .nc
2026-02-13 00:40:11,949 - INFO -     ⬇️  Downloaded NC_H08_20251122_0740_R21_FLDK.07001_06001.nc (612MB) in 30.5s
2026-02-13 00:40:11,984 - INFO -     ✂️  Cropped to (64, 64) in 0.0s → NC_H08_20251122_0740_R21_FLDK.07001_06001.npy
2026-02-13 00:40:12,047 - INFO -     ⬆️  Uploaded .npy to S3 in 0.1s
2026-02-13 00:40:12,058 - INFO -     🗑️  Deleted raw .nc
2026-02-13 00:40:32,829 - INFO -     ⬇️  Downloaded NC_H08_20251122_0750_R21_FLDK.07001_06001.nc (607MB) in 20.7s
2026-02-13 00:40:32,847 - INFO -     ✂️  Cropped to (64, 64) in 0.0s → NC_H08_20251122_0750_R21_FLDK.07001_06001.npy
2026-02-13 00:40:32,912 - INFO -     ⬆️  Uploaded .npy to S3 in 0.1s
2026-02-13 00:40:32,920 - INFO -     🗑️  Deleted raw .nc
2026-02-13 00:40:53,837 - INFO -     ⬇️  Downloaded NC_H08_20251122_0800_R21_FLDK.07001_06001.nc (602MB) in 20.8s
2026-02-13 00:40:53,855 - INFO -     ✂️  Cropped to (64, 64) in 0.0s → NC_H08_20251122_0800_R21_FLDK.07001_06001.npy
2026-02-13 00:40:53,909 - INFO -     ⬆️  Uploaded .npy to S3 in 0.1s
2026-02-13 00:40:53,918 - INFO -     🗑️  Deleted raw .nc
2026-02-13 00:41:26,280 - INFO -     ⬇️  Downloaded NC_H08_20251122_0820_R21_FLDK.07001_06001.nc (593MB) in 32.3s
2026-02-13 00:41:26,305 - INFO -     ✂️  Cropped to (64, 64) in 0.0s → NC_H08_20251122_0820_R21_FLDK.07001_06001.npy
2026-02-13 00:41:26,566 - INFO -     ⬆️  Uploaded .npy to S3 in 0.3s
2026-02-13 00:41:26,583 - INFO -     🗑️  Deleted raw .nc
2026-02-13 00:41:48,939 - INFO -     ⬇️  Downloaded NC_H08_20251122_0930_R21_FLDK.07001_06001.nc (563MB) in 22.2s
2026-02-13 00:41:48,965 - INFO -     ✂️  Cropped to (64, 64) in 0.0s → NC_H08_20251122_0930_R21_FLDK.07001_06001.npy
2026-02-13 00:41:49,102 - INFO -     ⬆️  Uploaded .npy to S3 in 0.1s
2026-02-13 00:41:49,114 - INFO -     🗑️  Deleted raw .nc
2026-02-13 00:42:08,979 - INFO -     ⬇️  Downloaded NC_H08_20251122_0950_R21_FLDK.07001_06001.nc (553MB) in 19.8s
2026-02-13 00:42:08,998 - INFO -     ✂️  Cropped to (64, 64) in 0.0s → NC_H08_20251122_0950_R21_FLDK.07001_06001.npy
2026-02-13 00:42:09,152 - INFO -     ⬆️  Uploaded .npy to S3 in 0.2s
2026-02-13 00:42:09,162 - INFO -     🗑️  Deleted raw .nc
2026-02-13 00:42:32,735 - INFO -     ⬇️  Downloaded NC_H08_20251122_1030_R21_FLDK.07001_06001.nc (537MB) in 23.5s
2026-02-13 00:42:32,754 - INFO -     ✂️  Cropped to (64, 64) in 0.0s → NC_H08_20251122_1030_R21_FLDK.07001_06001.npy
2026-02-13 00:42:32,877 - INFO -     ⬆️  Uploaded .npy to S3 in 0.1s
2026-02-13 00:42:32,884 - INFO -     🗑️  Deleted raw .nc
2026-02-13 00:42:52,765 - INFO -     ⬇️  Downloaded NC_H08_20251122_1100_R21_FLDK.07001_06001.nc (523MB) in 19.8s
2026-02-13 00:42:52,786 - INFO -     ✂️  Cropped to (64, 64) in 0.0s → NC_H08_20251122_1100_R21_FLDK.07001_06001.npy
2026-02-13 00:42:52,865 - INFO -     ⬆️  Uploaded .npy to S3 in 0.1s
2026-02-13 00:42:52,873 - INFO -     🗑️  Deleted raw .nc
2026-02-13 00:43:13,548 - INFO -     ⬇️  Downloaded NC_H08_20251122_2130_R21_FLDK.07001_06001.nc (622MB) in 20.6s
2026-02-13 00:43:13,576 - INFO -     ✂️  Cropped to (64, 64) in 0.0s → NC_H08_20251122_2130_R21_FLDK.07001_06001.npy
2026-02-13 00:43:13,715 - INFO -     ⬆️  Uploaded .npy to S3 in 0.1s
2026-02-13 00:43:13,723 - INFO -     🗑️  Deleted raw .nc
2026-02-13 00:43:35,401 - INFO -     ⬇️  Downloaded NC_H08_20251122_2140_R21_FLDK.07001_06001.nc (626MB) in 21.6s
2026-02-13 00:43:35,420 - INFO -     ✂️  Cropped to (64, 64) in 0.0s → NC_H08_20251122_2140_R21_FLDK.07001_06001.npy
2026-02-13 00:43:35,641 - INFO -     ⬆️  Uploaded .npy to S3 in 0.2s
2026-02-13 00:43:35,716 - INFO -     🗑️  Deleted raw .nc
2026-02-13 00:44:02,320 - INFO -     ⬇️  Downloaded NC_H08_20251122_2150_R21_FLDK.07001_06001.nc (630MB) in 26.5s
2026-02-13 00:44:02,339 - INFO -     ✂️  Cropped to (64, 64) in 0.0s → NC_H08_20251122_2150_R21_FLDK.07001_06001.npy
2026-02-13 00:44:02,404 - INFO -     ⬆️  Uploaded .npy to S3 in 0.1s
2026-02-13 00:44:02,413 - INFO -     🗑️  Deleted raw .nc
2026-02-13 00:44:27,739 - INFO -     ⬇️  Downloaded NC_H08_20251122_2200_R21_FLDK.07001_06001.nc (635MB) in 25.2s
2026-02-13 00:44:27,761 - INFO -     ✂️  Cropped to (64, 64) in 0.0s → NC_H08_20251122_2200_R21_FLDK.07001_06001.npy
2026-02-13 00:44:27,825 - INFO -     ⬆️  Uploaded .npy to S3 in 0.1s
2026-02-13 00:44:27,834 - INFO -     🗑️  Deleted raw .nc
2026-02-13 00:44:52,326 - INFO -     ⬇️  Downloaded NC_H08_20251122_2210_R21_FLDK.07001_06001.nc (639MB) in 24.4s
2026-02-13 00:44:52,349 - INFO -     ✂️  Cropped to (64, 64) in 0.0s → NC_H08_20251122_2210_R21_FLDK.07001_06001.npy
2026-02-13 00:44:52,479 - INFO -     ⬆️  Uploaded .npy to S3 in 0.1s
2026-02-13 00:44:52,492 - INFO -     🗑️  Deleted raw .nc
2026-02-13 00:45:23,945 - INFO -     ⬇️  Downloaded NC_H08_20251122_2220_R21_FLDK.07001_06001.nc (643MB) in 31.4s
2026-02-13 00:45:23,970 - INFO -     ✂️  Cropped to (64, 64) in 0.0s → NC_H08_20251122_2220_R21_FLDK.07001_06001.npy
2026-02-13 00:45:24,035 - INFO -     ⬆️  Uploaded .npy to S3 in 0.1s
2026-02-13 00:45:24,044 - INFO -     🗑️  Deleted raw .nc
2026-02-13 00:45:46,653 - INFO -     ⬇️  Downloaded NC_H08_20251122_2230_R21_FLDK.07001_06001.nc (648MB) in 22.5s
2026-02-13 00:45:46,681 - INFO -     ✂️  Cropped to (64, 64) in 0.0s → NC_H08_20251122_2230_R21_FLDK.07001_06001.npy
2026-02-13 00:45:46,746 - INFO -     ⬆️  Uploaded .npy to S3 in 0.1s
2026-02-13 00:45:46,757 - INFO -     🗑️  Deleted raw .nc
2026-02-13 00:46:15,379 - INFO -     ⬇️  Downloaded NC_H08_20251122_2240_R21_FLDK.07001_06001.nc (652MB) in 28.5s
2026-02-13 00:46:15,411 - INFO -     ✂️  Cropped to (64, 64) in 0.0s → NC_H08_20251122_2240_R21_FLDK.07001_06001.npy
2026-02-13 00:46:15,545 - INFO -     ⬆️  Uploaded .npy to S3 in 0.1s
2026-02-13 00:46:15,554 - INFO -     🗑️  Deleted raw .nc
2026-02-13 00:46:43,569 - INFO -     ⬇️  Downloaded NC_H08_20251122_2250_R21_FLDK.07001_06001.nc (657MB) in 27.9s
2026-02-13 00:46:43,599 - INFO -     ✂️  Cropped to (64, 64) in 0.0s → NC_H08_20251122_2250_R21_FLDK.07001_06001.npy
2026-02-13 00:46:43,693 - INFO -     ⬆️  Uploaded .npy to S3 in 0.1s
2026-02-13 00:46:43,708 - INFO -     🗑️  Deleted raw .nc
2026-02-13 00:47:04,561 - INFO -     ⬇️  Downloaded NC_H08_20251122_2300_R21_FLDK.07001_06001.nc (661MB) in 20.7s
2026-02-13 00:47:04,578 - INFO -     ✂️  Cropped to (64, 64) in 0.0s → NC_H08_20251122_2300_R21_FLDK.07001_06001.npy
2026-02-13 00:47:04,637 - INFO -     ⬆️  Uploaded .npy to S3 in 0.1s
2026-02-13 00:47:04,647 - INFO -     🗑️  Deleted raw .nc
2026-02-13 00:47:30,304 - INFO -     ⬇️  Downloaded NC_H08_20251122_2310_R21_FLDK.07001_06001.nc (666MB) in 25.6s
2026-02-13 00:47:30,327 - INFO -     ✂️  Cropped to (64, 64) in 0.0s → NC_H08_20251122_2310_R21_FLDK.07001_06001.npy
2026-02-13 00:47:30,413 - INFO -     ⬆️  Uploaded .npy to S3 in 0.1s
2026-02-13 00:47:30,422 - INFO -     🗑️  Deleted raw .nc
2026-02-13 00:47:56,413 - INFO -     ⬇️  Downloaded NC_H08_20251122_2320_R21_FLDK.07001_06001.nc (670MB) in 25.9s
2026-02-13 00:47:56,433 - INFO -     ✂️  Cropped to (64, 64) in 0.0s → NC_H08_20251122_2320_R21_FLDK.07001_06001.npy
2026-02-13 00:47:56,496 - INFO -     ⬆️  Uploaded .npy to S3 in 0.1s
2026-02-13 00:47:56,505 - INFO -     🗑️  Deleted raw .nc
2026-02-13 00:48:18,379 - INFO -     ⬇️  Downloaded NC_H08_20251122_2330_R21_FLDK.07001_06001.nc (675MB) in 21.8s
2026-02-13 00:48:18,404 - INFO -     ✂️  Cropped to (64, 64) in 0.0s → NC_H08_20251122_2330_R21_FLDK.07001_06001.npy
2026-02-13 00:48:18,469 - INFO -     ⬆️  Uploaded .npy to S3 in 0.1s
2026-02-13 00:48:18,477 - INFO -     🗑️  Deleted raw .nc
2026-02-13 00:48:40,041 - INFO -     ⬇️  Downloaded NC_H08_20251122_2340_R21_FLDK.07001_06001.nc (679MB) in 21.5s
2026-02-13 00:48:40,058 - INFO -     ✂️  Cropped to (64, 64) in 0.0s → NC_H08_20251122_2340_R21_FLDK.07001_06001.npy
2026-02-13 00:48:40,146 - INFO -     ⬆️  Uploaded .npy to S3 in 0.1s
2026-02-13 00:48:40,154 - INFO -     🗑️  Deleted raw .nc
2026-02-13 00:49:10,816 - INFO -     ⬇️  Downloaded NC_H08_20251122_2350_R21_FLDK.07001_06001.nc (684MB) in 30.6s
2026-02-13 00:49:10,838 - INFO -     ✂️  Cropped to (64, 64) in 0.0s → NC_H08_20251122_2350_R21_FLDK.07001_06001.npy
2026-02-13 00:49:10,890 - INFO -     ⬆️  Uploaded .npy to S3 in 0.1s
2026-02-13 00:49:10,898 - INFO -     🗑️  Deleted raw .nc
2026-02-13 00:49:10,898 - INFO -   2025-11-22: processed=62, skipped=0, time=1610.8s
2026-02-13 00:49:10,899 - INFO - 
[39/48] Processing 2025-11-23 (33 slots, 503.9mm)
2026-02-13 00:49:12,965 - INFO -   2025-11-23: processed=0, skipped=32, time=2.1s
2026-02-13 00:49:12,965 - INFO - 
[40/48] Processing 2025-11-24 (50 slots, 44.0mm)
2026-02-13 00:49:34,836 - INFO -     ⬇️  Downloaded NC_H08_20251124_0000_R21_FLDK.07001_06001.nc (678MB) in 21.8s
2026-02-13 00:49:34,855 - INFO -     ✂️  Cropped to (64, 64) in 0.0s → NC_H08_20251124_0000_R21_FLDK.07001_06001.npy
2026-02-13 00:49:34,910 - INFO -     ⬆️  Uploaded .npy to S3 in 0.1s
2026-02-13 00:49:34,918 - INFO -     🗑️  Deleted raw .nc
2026-02-13 00:50:01,334 - INFO -     ⬇️  Downloaded NC_H08_20251124_0010_R21_FLDK.07001_06001.nc (682MB) in 26.3s
2026-02-13 00:50:01,354 - INFO -     ✂️  Cropped to (64, 64) in 0.0s → NC_H08_20251124_0010_R21_FLDK.07001_06001.npy
2026-02-13 00:50:01,406 - INFO -     ⬆️  Uploaded .npy to S3 in 0.1s
2026-02-13 00:50:01,417 - INFO -     🗑️  Deleted raw .nc
2026-02-13 00:50:28,345 - INFO -     ⬇️  Downloaded NC_H08_20251124_0020_R21_FLDK.07001_06001.nc (686MB) in 26.8s
2026-02-13 00:50:28,367 - INFO -     ✂️  Cropped to (64, 64) in 0.0s → NC_H08_20251124_0020_R21_FLDK.07001_06001.npy
2026-02-13 00:50:28,424 - INFO -     ⬆️  Uploaded .npy to S3 in 0.1s
2026-02-13 00:50:28,430 - INFO -     🗑️  Deleted raw .nc
2026-02-13 00:50:49,693 - INFO -     ⬇️  Downloaded NC_H08_20251124_0030_R21_FLDK.07001_06001.nc (689MB) in 21.2s
2026-02-13 00:50:49,718 - INFO -     ✂️  Cropped to (64, 64) in 0.0s → NC_H08_20251124_0030_R21_FLDK.07001_06001.npy
2026-02-13 00:50:49,777 - INFO -     ⬆️  Uploaded .npy to S3 in 0.1s
2026-02-13 00:50:49,788 - INFO -     🗑️  Deleted raw .nc
2026-02-13 00:51:15,336 - INFO -     ⬇️  Downloaded NC_H08_20251124_0040_R21_FLDK.07001_06001.nc (692MB) in 25.5s
2026-02-13 00:51:15,376 - INFO -     ✂️  Cropped to (64, 64) in 0.0s → NC_H08_20251124_0040_R21_FLDK.07001_06001.npy
2026-02-13 00:51:15,507 - INFO -     ⬆️  Uploaded .npy to S3 in 0.1s
2026-02-13 00:51:15,521 - INFO -     🗑️  Deleted raw .nc
2026-02-13 00:51:42,954 - INFO -     ⬇️  Downloaded NC_H08_20251124_0050_R21_FLDK.07001_06001.nc (694MB) in 27.3s
2026-02-13 00:51:42,988 - INFO -     ✂️  Cropped to (64, 64) in 0.0s → NC_H08_20251124_0050_R21_FLDK.07001_06001.npy
2026-02-13 00:51:43,060 - INFO -     ⬆️  Uploaded .npy to S3 in 0.1s
2026-02-13 00:51:43,072 - INFO -     🗑️  Deleted raw .nc
2026-02-13 00:52:06,721 - INFO -     ⬇️  Downloaded NC_H08_20251124_0100_R21_FLDK.07001_06001.nc (696MB) in 23.6s
2026-02-13 00:52:06,742 - INFO -     ✂️  Cropped to (64, 64) in 0.0s → NC_H08_20251124_0100_R21_FLDK.07001_06001.npy
2026-02-13 00:52:06,792 - INFO -     ⬆️  Uploaded .npy to S3 in 0.0s
2026-02-13 00:52:06,800 - INFO -     🗑️  Deleted raw .nc
2026-02-13 00:52:31,138 - INFO -     ⬇️  Downloaded NC_H08_20251124_0110_R21_FLDK.07001_06001.nc (698MB) in 24.3s
2026-02-13 00:52:31,160 - INFO -     ✂️  Cropped to (64, 64) in 0.0s → NC_H08_20251124_0110_R21_FLDK.07001_06001.npy
2026-02-13 00:52:31,284 - INFO -     ⬆️  Uploaded .npy to S3 in 0.1s
2026-02-13 00:52:31,294 - INFO -     🗑️  Deleted raw .nc
2026-02-13 00:52:58,080 - INFO -     ⬇️  Downloaded NC_H08_20251124_0120_R21_FLDK.07001_06001.nc (700MB) in 26.6s
2026-02-13 00:52:58,100 - INFO -     ✂️  Cropped to (64, 64) in 0.0s → NC_H08_20251124_0120_R21_FLDK.07001_06001.npy
2026-02-13 00:52:58,253 - INFO -     ⬆️  Uploaded .npy to S3 in 0.2s
2026-02-13 00:52:58,266 - INFO -     🗑️  Deleted raw .nc
2026-02-13 00:53:20,464 - INFO -     ⬇️  Downloaded NC_H08_20251124_0140_R21_FLDK.07001_06001.nc (702MB) in 22.1s
2026-02-13 00:53:20,490 - INFO -     ✂️  Cropped to (64, 64) in 0.0s → NC_H08_20251124_0140_R21_FLDK.07001_06001.npy
2026-02-13 00:53:20,546 - INFO -     ⬆️  Uploaded .npy to S3 in 0.1s
2026-02-13 00:53:20,552 - INFO -     🗑️  Deleted raw .nc
2026-02-13 00:53:46,051 - INFO -     ⬇️  Downloaded NC_H08_20251124_0200_R21_FLDK.07001_06001.nc (703MB) in 25.4s
2026-02-13 00:53:46,079 - INFO -     ✂️  Cropped to (64, 64) in 0.0s → NC_H08_20251124_0200_R21_FLDK.07001_06001.npy
2026-02-13 00:53:46,188 - INFO -     ⬆️  Uploaded .npy to S3 in 0.1s
2026-02-13 00:53:46,200 - INFO -     🗑️  Deleted raw .nc
2026-02-13 00:54:13,241 - INFO -     ⬇️  Downloaded NC_H08_20251124_0220_R21_FLDK.07001_06001.nc (704MB) in 27.0s
2026-02-13 00:54:13,280 - INFO -     ✂️  Cropped to (64, 64) in 0.0s → NC_H08_20251124_0220_R21_FLDK.07001_06001.npy
2026-02-13 00:54:13,339 - INFO -     ⬆️  Uploaded .npy to S3 in 0.1s
2026-02-13 00:54:13,350 - INFO -     🗑️  Deleted raw .nc
2026-02-13 00:54:33,523 - INFO -     ⬇️  Downloaded NC_H08_20251124_0230_R21_FLDK.07001_06001.nc (704MB) in 20.1s
2026-02-13 00:54:33,542 - INFO -     ✂️  Cropped to (64, 64) in 0.0s → NC_H08_20251124_0230_R21_FLDK.07001_06001.npy
2026-02-13 00:54:33,609 - INFO -     ⬆️  Uploaded .npy to S3 in 0.1s
2026-02-13 00:54:33,617 - INFO -     🗑️  Deleted raw .nc
2026-02-13 00:54:54,810 - INFO -     ⬇️  Downloaded NC_H08_20251124_0310_R21_FLDK.07001_06001.nc (702MB) in 21.1s
2026-02-13 00:54:54,828 - INFO -     ✂️  Cropped to (64, 64) in 0.0s → NC_H08_20251124_0310_R21_FLDK.07001_06001.npy
2026-02-13 00:54:54,890 - INFO -     ⬆️  Uploaded .npy to S3 in 0.1s
2026-02-13 00:54:54,900 - INFO -     🗑️  Deleted raw .nc
2026-02-13 00:55:21,273 - INFO -     ⬇️  Downloaded NC_H08_20251124_0350_R21_FLDK.07001_06001.nc (696MB) in 26.3s
2026-02-13 00:55:21,296 - INFO -     ✂️  Cropped to (64, 64) in 0.0s → NC_H08_20251124_0350_R21_FLDK.07001_06001.npy
2026-02-13 00:55:21,355 - INFO -     ⬆️  Uploaded .npy to S3 in 0.1s
2026-02-13 00:55:21,364 - INFO -     🗑️  Deleted raw .nc
2026-02-13 00:55:42,308 - INFO -     ⬇️  Downloaded NC_H08_20251124_0600_R21_FLDK.07001_06001.nc (645MB) in 20.8s
2026-02-13 00:55:42,341 - INFO -     ✂️  Cropped to (64, 64) in 0.0s → NC_H08_20251124_0600_R21_FLDK.07001_06001.npy
2026-02-13 00:55:42,402 - INFO -     ⬆️  Uploaded .npy to S3 in 0.1s
2026-02-13 00:55:42,411 - INFO -     🗑️  Deleted raw .nc
2026-02-13 00:56:00,140 - INFO -     ⬇️  Downloaded NC_H08_20251124_0720_R21_FLDK.07001_06001.nc (609MB) in 17.6s
2026-02-13 00:56:00,157 - INFO -     ✂️  Cropped to (64, 64) in 0.0s → NC_H08_20251124_0720_R21_FLDK.07001_06001.npy
2026-02-13 00:56:00,313 - INFO -     ⬆️  Uploaded .npy to S3 in 0.2s
2026-02-13 00:56:00,323 - INFO -     🗑️  Deleted raw .nc
2026-02-13 00:56:21,801 - INFO -     ⬇️  Downloaded NC_H08_20251124_0730_R21_FLDK.07001_06001.nc (604MB) in 21.4s
2026-02-13 00:56:21,824 - INFO -     ✂️  Cropped to (64, 64) in 0.0s → NC_H08_20251124_0730_R21_FLDK.07001_06001.npy
2026-02-13 00:56:21,898 - INFO -     ⬆️  Uploaded .npy to S3 in 0.1s
2026-02-13 00:56:21,906 - INFO -     🗑️  Deleted raw .nc
2026-02-13 00:56:44,438 - INFO -     ⬇️  Downloaded NC_H08_20251124_0740_R21_FLDK.07001_06001.nc (600MB) in 22.4s
2026-02-13 00:56:44,469 - INFO -     ✂️  Cropped to (64, 64) in 0.0s → NC_H08_20251124_0740_R21_FLDK.07001_06001.npy
2026-02-13 00:56:44,601 - INFO -     ⬆️  Uploaded .npy to S3 in 0.1s
2026-02-13 00:56:44,616 - INFO -     🗑️  Deleted raw .nc
2026-02-13 00:57:02,527 - INFO -     ⬇️  Downloaded NC_H08_20251124_0750_R21_FLDK.07001_06001.nc (595MB) in 17.7s
2026-02-13 00:57:02,545 - INFO -     ✂️  Cropped to (64, 64) in 0.0s → NC_H08_20251124_0750_R21_FLDK.07001_06001.npy
2026-02-13 00:57:02,601 - INFO -     ⬆️  Uploaded .npy to S3 in 0.1s
2026-02-13 00:57:02,610 - INFO -     🗑️  Deleted raw .nc
2026-02-13 00:57:20,296 - INFO -     ⬇️  Downloaded NC_H08_20251124_0800_R21_FLDK.07001_06001.nc (590MB) in 17.6s
2026-02-13 00:57:20,316 - INFO -     ✂️  Cropped to (64, 64) in 0.0s → NC_H08_20251124_0800_R21_FLDK.07001_06001.npy
2026-02-13 00:57:20,372 - INFO -     ⬆️  Uploaded .npy to S3 in 0.1s
2026-02-13 00:57:20,383 - INFO -     🗑️  Deleted raw .nc
2026-02-13 00:57:40,945 - INFO -     ⬇️  Downloaded NC_H08_20251124_0850_R21_FLDK.07001_06001.nc (568MB) in 20.5s
2026-02-13 00:57:40,966 - INFO -     ✂️  Cropped to (64, 64) in 0.0s → NC_H08_20251124_0850_R21_FLDK.07001_06001.npy
2026-02-13 00:57:41,014 - INFO -     ⬆️  Uploaded .npy to S3 in 0.0s
2026-02-13 00:57:41,022 - INFO -     🗑️  Deleted raw .nc
2026-02-13 00:58:01,787 - INFO -     ⬇️  Downloaded NC_H08_20251124_0910_R21_FLDK.07001_06001.nc (559MB) in 20.6s
2026-02-13 00:58:01,807 - INFO -     ✂️  Cropped to (64, 64) in 0.0s → NC_H08_20251124_0910_R21_FLDK.07001_06001.npy
2026-02-13 00:58:01,881 - INFO -     ⬆️  Uploaded .npy to S3 in 0.1s
2026-02-13 00:58:01,889 - INFO -     🗑️  Deleted raw .nc
2026-02-13 00:58:18,997 - INFO -     ⬇️  Downloaded NC_H08_20251124_0920_R21_FLDK.07001_06001.nc (555MB) in 16.9s
2026-02-13 00:58:19,021 - INFO -     ✂️  Cropped to (64, 64) in 0.0s → NC_H08_20251124_0920_R21_FLDK.07001_06001.npy
2026-02-13 00:58:19,077 - INFO -     ⬆️  Uploaded .npy to S3 in 0.1s
2026-02-13 00:58:19,088 - INFO -     🗑️  Deleted raw .nc
2026-02-13 00:58:34,429 - INFO -     ⬇️  Downloaded NC_H08_20251124_0940_R21_FLDK.07001_06001.nc (547MB) in 15.3s
2026-02-13 00:58:34,448 - INFO -     ✂️  Cropped to (64, 64) in 0.0s → NC_H08_20251124_0940_R21_FLDK.07001_06001.npy
2026-02-13 00:58:34,526 - INFO -     ⬆️  Uploaded .npy to S3 in 0.1s
2026-02-13 00:58:34,532 - INFO -     🗑️  Deleted raw .nc
2026-02-13 00:58:50,529 - INFO -     ⬇️  Downloaded NC_H08_20251124_1240_R21_FLDK.07001_06001.nc (473MB) in 15.9s
2026-02-13 00:58:50,548 - INFO -     ✂️  Cropped to (64, 64) in 0.0s → NC_H08_20251124_1240_R21_FLDK.07001_06001.npy
2026-02-13 00:58:50,682 - INFO -     ⬆️  Uploaded .npy to S3 in 0.1s
2026-02-13 00:58:50,689 - INFO -     🗑️  Deleted raw .nc
2026-02-13 00:59:09,785 - INFO -     ⬇️  Downloaded NC_H08_20251124_1410_R21_FLDK.07001_06001.nc (468MB) in 18.9s
2026-02-13 00:59:09,806 - INFO -     ✂️  Cropped to (64, 64) in 0.0s → NC_H08_20251124_1410_R21_FLDK.07001_06001.npy
2026-02-13 00:59:09,937 - INFO -     ⬆️  Uploaded .npy to S3 in 0.1s
2026-02-13 00:59:09,946 - INFO -     🗑️  Deleted raw .nc
2026-02-13 00:59:24,939 - INFO -     ⬇️  Downloaded NC_H08_20251124_1430_R21_FLDK.07001_06001.nc (466MB) in 14.9s
2026-02-13 00:59:24,960 - INFO -     ✂️  Cropped to (64, 64) in 0.0s → NC_H08_20251124_1430_R21_FLDK.07001_06001.npy
2026-02-13 00:59:25,014 - INFO -     ⬆️  Uploaded .npy to S3 in 0.1s
2026-02-13 00:59:25,020 - INFO -     🗑️  Deleted raw .nc
2026-02-13 00:59:38,526 - INFO -     ⬇️  Downloaded NC_H08_20251124_1500_R21_FLDK.07001_06001.nc (461MB) in 13.4s
2026-02-13 00:59:38,547 - INFO -     ✂️  Cropped to (64, 64) in 0.0s → NC_H08_20251124_1500_R21_FLDK.07001_06001.npy
2026-02-13 00:59:38,596 - INFO -     ⬆️  Uploaded .npy to S3 in 0.0s
2026-02-13 00:59:38,603 - INFO -     🗑️  Deleted raw .nc
2026-02-13 00:59:51,685 - INFO -     ⬇️  Downloaded NC_H08_20251124_1510_R21_FLDK.07001_06001.nc (461MB) in 13.0s
2026-02-13 00:59:51,707 - INFO -     ✂️  Cropped to (64, 64) in 0.0s → NC_H08_20251124_1510_R21_FLDK.07001_06001.npy
2026-02-13 00:59:51,756 - INFO -     ⬆️  Uploaded .npy to S3 in 0.0s
2026-02-13 00:59:51,763 - INFO -     🗑️  Deleted raw .nc
2026-02-13 01:00:09,261 - INFO -     ⬇️  Downloaded NC_H08_20251124_1530_R21_FLDK.07001_06001.nc (463MB) in 17.4s
2026-02-13 01:00:09,283 - INFO -     ✂️  Cropped to (64, 64) in 0.0s → NC_H08_20251124_1530_R21_FLDK.07001_06001.npy
2026-02-13 01:00:09,339 - INFO -     ⬆️  Uploaded .npy to S3 in 0.1s
2026-02-13 01:00:09,346 - INFO -     🗑️  Deleted raw .nc
2026-02-13 01:00:30,703 - INFO -     ⬇️  Downloaded NC_H08_20251124_1540_R21_FLDK.07001_06001.nc (467MB) in 21.2s
2026-02-13 01:00:30,722 - INFO -     ✂️  Cropped to (64, 64) in 0.0s → NC_H08_20251124_1540_R21_FLDK.07001_06001.npy
2026-02-13 01:00:30,820 - INFO -     ⬆️  Uploaded .npy to S3 in 0.1s
2026-02-13 01:00:30,826 - INFO -     🗑️  Deleted raw .nc
2026-02-13 01:00:47,782 - INFO -     ⬇️  Downloaded NC_H08_20251124_1550_R21_FLDK.07001_06001.nc (470MB) in 16.8s
2026-02-13 01:00:47,807 - INFO -     ✂️  Cropped to (64, 64) in 0.0s → NC_H08_20251124_1550_R21_FLDK.07001_06001.npy
2026-02-13 01:00:47,870 - INFO -     ⬆️  Uploaded .npy to S3 in 0.1s
2026-02-13 01:00:47,877 - INFO -     🗑️  Deleted raw .nc
2026-02-13 01:01:03,199 - INFO -     ⬇️  Downloaded NC_H08_20251124_1600_R21_FLDK.07001_06001.nc (474MB) in 15.2s
2026-02-13 01:01:03,221 - INFO -     ✂️  Cropped to (64, 64) in 0.0s → NC_H08_20251124_1600_R21_FLDK.07001_06001.npy
2026-02-13 01:01:03,392 - INFO -     ⬆️  Uploaded .npy to S3 in 0.2s
2026-02-13 01:01:03,398 - INFO -     🗑️  Deleted raw .nc
2026-02-13 01:01:22,170 - INFO -     ⬇️  Downloaded NC_H08_20251124_1610_R21_FLDK.07001_06001.nc (478MB) in 18.7s
2026-02-13 01:01:22,194 - INFO -     ✂️  Cropped to (64, 64) in 0.0s → NC_H08_20251124_1610_R21_FLDK.07001_06001.npy
2026-02-13 01:01:22,532 - INFO -     ⬆️  Uploaded .npy to S3 in 0.3s
2026-02-13 01:01:22,542 - INFO -     🗑️  Deleted raw .nc
2026-02-13 01:01:45,311 - INFO -     ⬇️  Downloaded NC_H08_20251124_1620_R21_FLDK.07001_06001.nc (482MB) in 22.7s
2026-02-13 01:01:45,342 - INFO -     ✂️  Cropped to (64, 64) in 0.0s → NC_H08_20251124_1620_R21_FLDK.07001_06001.npy
2026-02-13 01:01:45,644 - INFO -     ⬆️  Uploaded .npy to S3 in 0.3s
2026-02-13 01:01:45,665 - INFO -     🗑️  Deleted raw .nc
2026-02-13 01:02:06,733 - INFO -     ⬇️  Downloaded NC_H08_20251124_1840_R21_FLDK.07001_06001.nc (541MB) in 21.0s
2026-02-13 01:02:06,754 - INFO -     ✂️  Cropped to (64, 64) in 0.0s → NC_H08_20251124_1840_R21_FLDK.07001_06001.npy
2026-02-13 01:02:06,988 - INFO -     ⬆️  Uploaded .npy to S3 in 0.2s
2026-02-13 01:02:07,003 - INFO -     🗑️  Deleted raw .nc
2026-02-13 01:02:25,174 - INFO -     ⬇️  Downloaded NC_H08_20251124_1850_R21_FLDK.07001_06001.nc (545MB) in 18.1s
2026-02-13 01:02:25,196 - INFO -     ✂️  Cropped to (64, 64) in 0.0s → NC_H08_20251124_1850_R21_FLDK.07001_06001.npy
2026-02-13 01:02:25,247 - INFO -     ⬆️  Uploaded .npy to S3 in 0.1s
2026-02-13 01:02:25,254 - INFO -     🗑️  Deleted raw .nc
2026-02-13 01:02:48,498 - INFO -     ⬇️  Downloaded NC_H08_20251124_1920_R21_FLDK.07001_06001.nc (557MB) in 23.2s
2026-02-13 01:02:48,525 - INFO -     ✂️  Cropped to (64, 64) in 0.0s → NC_H08_20251124_1920_R21_FLDK.07001_06001.npy
2026-02-13 01:02:48,590 - INFO -     ⬆️  Uploaded .npy to S3 in 0.1s
2026-02-13 01:02:48,599 - INFO -     🗑️  Deleted raw .nc
2026-02-13 01:03:12,392 - INFO -     ⬇️  Downloaded NC_H08_20251124_2120_R21_FLDK.07001_06001.nc (604MB) in 23.7s
2026-02-13 01:03:12,425 - INFO -     ✂️  Cropped to (64, 64) in 0.0s → NC_H08_20251124_2120_R21_FLDK.07001_06001.npy
2026-02-13 01:03:12,489 - INFO -     ⬆️  Uploaded .npy to S3 in 0.1s
2026-02-13 01:03:12,503 - INFO -     🗑️  Deleted raw .nc
2026-02-13 01:03:31,179 - INFO -     ⬇️  Downloaded NC_H08_20251124_2210_R21_FLDK.07001_06001.nc (625MB) in 18.6s
2026-02-13 01:03:31,197 - INFO -     ✂️  Cropped to (64, 64) in 0.0s → NC_H08_20251124_2210_R21_FLDK.07001_06001.npy
2026-02-13 01:03:31,264 - INFO -     ⬆️  Uploaded .npy to S3 in 0.1s
2026-02-13 01:03:31,272 - INFO -     🗑️  Deleted raw .nc
2026-02-13 01:03:51,444 - INFO -     ⬇️  Downloaded NC_H08_20251124_2220_R21_FLDK.07001_06001.nc (629MB) in 20.1s
2026-02-13 01:03:51,467 - INFO -     ✂️  Cropped to (64, 64) in 0.0s → NC_H08_20251124_2220_R21_FLDK.07001_06001.npy
2026-02-13 01:03:51,521 - INFO -     ⬆️  Uploaded .npy to S3 in 0.1s
2026-02-13 01:03:51,531 - INFO -     🗑️  Deleted raw .nc
2026-02-13 01:04:18,923 - INFO -     ⬇️  Downloaded NC_H08_20251124_2230_R21_FLDK.07001_06001.nc (634MB) in 27.2s
2026-02-13 01:04:18,950 - INFO -     ✂️  Cropped to (64, 64) in 0.0s → NC_H08_20251124_2230_R21_FLDK.07001_06001.npy
2026-02-13 01:04:19,090 - INFO -     ⬆️  Uploaded .npy to S3 in 0.1s
2026-02-13 01:04:19,090 - INFO -     🗑️  Deleted raw .nc
2026-02-13 01:04:40,512 - INFO -     ⬇️  Downloaded NC_H08_20251124_2240_R21_FLDK.07001_06001.nc (638MB) in 21.3s
2026-02-13 01:04:40,548 - INFO -     ✂️  Cropped to (64, 64) in 0.0s → NC_H08_20251124_2240_R21_FLDK.07001_06001.npy
2026-02-13 01:04:40,632 - INFO -     ⬆️  Uploaded .npy to S3 in 0.1s
2026-02-13 01:04:40,645 - INFO -     🗑️  Deleted raw .nc
2026-02-13 01:05:00,146 - INFO -     ⬇️  Downloaded NC_H08_20251124_2300_R21_FLDK.07001_06001.nc (647MB) in 19.4s
2026-02-13 01:05:00,164 - INFO -     ✂️  Cropped to (64, 64) in 0.0s → NC_H08_20251124_2300_R21_FLDK.07001_06001.npy
2026-02-13 01:05:00,218 - INFO -     ⬆️  Uploaded .npy to S3 in 0.1s
2026-02-13 01:05:00,225 - INFO -     🗑️  Deleted raw .nc
2026-02-13 01:05:29,180 - INFO -     ⬇️  Downloaded NC_H08_20251124_2310_R21_FLDK.07001_06001.nc (651MB) in 28.9s
2026-02-13 01:05:29,202 - INFO -     ✂️  Cropped to (64, 64) in 0.0s → NC_H08_20251124_2310_R21_FLDK.07001_06001.npy
2026-02-13 01:05:29,341 - INFO -     ⬆️  Uploaded .npy to S3 in 0.1s
2026-02-13 01:05:29,353 - INFO -     🗑️  Deleted raw .nc
2026-02-13 01:05:52,120 - INFO -     ⬇️  Downloaded NC_H08_20251124_2320_R21_FLDK.07001_06001.nc (656MB) in 22.6s
2026-02-13 01:05:52,142 - INFO -     ✂️  Cropped to (64, 64) in 0.0s → NC_H08_20251124_2320_R21_FLDK.07001_06001.npy
2026-02-13 01:05:52,195 - INFO -     ⬆️  Uploaded .npy to S3 in 0.1s
2026-02-13 01:05:52,203 - INFO -     🗑️  Deleted raw .nc
2026-02-13 01:05:52,345 - INFO -   2025-11-24: processed=47, skipped=3, time=999.4s
2026-02-13 01:05:52,346 - INFO - 
[41/48] Processing 2025-11-25 (74 slots, 751.8mm)
2026-02-13 01:06:12,722 - INFO -     ⬇️  Downloaded NC_H08_20251125_0030_R21_FLDK.07001_06001.nc (685MB) in 20.3s
2026-02-13 01:06:12,742 - INFO -     ✂️  Cropped to (64, 64) in 0.0s → NC_H08_20251125_0030_R21_FLDK.07001_06001.npy
2026-02-13 01:06:12,797 - INFO -     ⬆️  Uploaded .npy to S3 in 0.1s
2026-02-13 01:06:12,808 - INFO -     🗑️  Deleted raw .nc
2026-02-13 01:06:37,479 - INFO -     ⬇️  Downloaded NC_H08_20251125_0040_R21_FLDK.07001_06001.nc (688MB) in 24.6s
2026-02-13 01:06:37,516 - INFO -     ✂️  Cropped to (64, 64) in 0.0s → NC_H08_20251125_0040_R21_FLDK.07001_06001.npy
2026-02-13 01:06:37,694 - INFO -     ⬆️  Uploaded .npy to S3 in 0.2s
2026-02-13 01:06:37,707 - INFO -     🗑️  Deleted raw .nc
2026-02-13 01:07:02,914 - INFO -     ⬇️  Downloaded NC_H08_20251125_0050_R21_FLDK.07001_06001.nc (690MB) in 25.0s
2026-02-13 01:07:02,933 - INFO -     ✂️  Cropped to (64, 64) in 0.0s → NC_H08_20251125_0050_R21_FLDK.07001_06001.npy
2026-02-13 01:07:02,999 - INFO -     ⬆️  Uploaded .npy to S3 in 0.1s
2026-02-13 01:07:03,009 - INFO -     🗑️  Deleted raw .nc
2026-02-13 01:07:24,499 - INFO -     ⬇️  Downloaded NC_H08_20251125_0100_R21_FLDK.07001_06001.nc (692MB) in 21.4s
2026-02-13 01:07:24,519 - INFO -     ✂️  Cropped to (64, 64) in 0.0s → NC_H08_20251125_0100_R21_FLDK.07001_06001.npy
2026-02-13 01:07:24,782 - INFO -     ⬆️  Uploaded .npy to S3 in 0.3s
2026-02-13 01:07:24,805 - INFO -     🗑️  Deleted raw .nc
2026-02-13 01:07:47,989 - INFO -     ⬇️  Downloaded NC_H08_20251125_0110_R21_FLDK.07001_06001.nc (694MB) in 23.1s
2026-02-13 01:07:48,015 - INFO -     ✂️  Cropped to (64, 64) in 0.0s → NC_H08_20251125_0110_R21_FLDK.07001_06001.npy
2026-02-13 01:07:48,155 - INFO -     ⬆️  Uploaded .npy to S3 in 0.1s
2026-02-13 01:07:48,175 - INFO -     🗑️  Deleted raw .nc
2026-02-13 01:08:14,585 - INFO -     ⬇️  Downloaded NC_H08_20251125_0120_R21_FLDK.07001_06001.nc (696MB) in 26.3s
2026-02-13 01:08:14,617 - INFO -     ✂️  Cropped to (64, 64) in 0.0s → NC_H08_20251125_0120_R21_FLDK.07001_06001.npy
2026-02-13 01:08:14,679 - INFO -     ⬆️  Uploaded .npy to S3 in 0.1s
2026-02-13 01:08:14,689 - INFO -     🗑️  Deleted raw .nc
2026-02-13 01:08:35,863 - INFO -     ⬇️  Downloaded NC_H08_20251125_0130_R21_FLDK.07001_06001.nc (697MB) in 21.1s
2026-02-13 01:08:35,882 - INFO -     ✂️  Cropped to (64, 64) in 0.0s → NC_H08_20251125_0130_R21_FLDK.07001_06001.npy
2026-02-13 01:08:35,945 - INFO -     ⬆️  Uploaded .npy to S3 in 0.1s
2026-02-13 01:08:35,955 - INFO -     🗑️  Deleted raw .nc
2026-02-13 01:08:58,226 - INFO -     ⬇️  Downloaded NC_H08_20251125_0140_R21_FLDK.07001_06001.nc (699MB) in 22.2s
2026-02-13 01:08:58,245 - INFO -     ✂️  Cropped to (64, 64) in 0.0s → NC_H08_20251125_0140_R21_FLDK.07001_06001.npy
2026-02-13 01:08:58,307 - INFO -     ⬆️  Uploaded .npy to S3 in 0.1s
2026-02-13 01:08:58,319 - INFO -     🗑️  Deleted raw .nc
2026-02-13 01:09:25,848 - INFO -     ⬇️  Downloaded NC_H08_20251125_0150_R21_FLDK.07001_06001.nc (700MB) in 27.4s
2026-02-13 01:09:25,869 - INFO -     ✂️  Cropped to (64, 64) in 0.0s → NC_H08_20251125_0150_R21_FLDK.07001_06001.npy
2026-02-13 01:09:25,984 - INFO -     ⬆️  Uploaded .npy to S3 in 0.1s
2026-02-13 01:09:25,998 - INFO -     🗑️  Deleted raw .nc
2026-02-13 01:09:47,839 - INFO -     ⬇️  Downloaded NC_H08_20251125_0200_R21_FLDK.07001_06001.nc (700MB) in 21.8s
2026-02-13 01:09:47,865 - INFO -     ✂️  Cropped to (64, 64) in 0.0s → NC_H08_20251125_0200_R21_FLDK.07001_06001.npy
2026-02-13 01:09:47,915 - INFO -     ⬆️  Uploaded .npy to S3 in 0.1s
2026-02-13 01:09:47,928 - INFO -     🗑️  Deleted raw .nc
2026-02-13 01:10:08,085 - INFO -     ⬇️  Downloaded NC_H08_20251125_0220_R21_FLDK.07001_06001.nc (701MB) in 20.1s
2026-02-13 01:10:08,104 - INFO -     ✂️  Cropped to (64, 64) in 0.0s → NC_H08_20251125_0220_R21_FLDK.07001_06001.npy
2026-02-13 01:10:08,160 - INFO -     ⬆️  Uploaded .npy to S3 in 0.1s
2026-02-13 01:10:08,170 - INFO -     🗑️  Deleted raw .nc
2026-02-13 01:10:34,784 - INFO -     ⬇️  Downloaded NC_H08_20251125_0230_R21_FLDK.07001_06001.nc (701MB) in 26.5s
2026-02-13 01:10:34,802 - INFO -     ✂️  Cropped to (64, 64) in 0.0s → NC_H08_20251125_0230_R21_FLDK.07001_06001.npy
2026-02-13 01:10:34,937 - INFO -     ⬆️  Uploaded .npy to S3 in 0.1s
2026-02-13 01:10:34,947 - INFO -     🗑️  Deleted raw .nc
2026-02-13 01:10:56,943 - INFO -     ⬇️  Downloaded NC_H08_20251125_0250_R21_FLDK.07001_06001.nc (701MB) in 21.7s
2026-02-13 01:10:56,960 - INFO -     ✂️  Cropped to (64, 64) in 0.0s → NC_H08_20251125_0250_R21_FLDK.07001_06001.npy
2026-02-13 01:10:57,011 - INFO -     ⬆️  Uploaded .npy to S3 in 0.1s
2026-02-13 01:10:57,021 - INFO -     🗑️  Deleted raw .nc
2026-02-13 01:11:17,511 - INFO -     ⬇️  Downloaded NC_H08_20251125_0300_R21_FLDK.07001_06001.nc (700MB) in 20.4s
2026-02-13 01:11:17,538 - INFO -     ✂️  Cropped to (64, 64) in 0.0s → NC_H08_20251125_0300_R21_FLDK.07001_06001.npy
2026-02-13 01:11:17,595 - INFO -     ⬆️  Uploaded .npy to S3 in 0.1s
2026-02-13 01:11:17,604 - INFO -     🗑️  Deleted raw .nc
2026-02-13 01:11:41,142 - INFO -     ⬇️  Downloaded NC_H08_20251125_0310_R21_FLDK.07001_06001.nc (699MB) in 23.5s
2026-02-13 01:11:41,175 - INFO -     ✂️  Cropped to (64, 64) in 0.0s → NC_H08_20251125_0310_R21_FLDK.07001_06001.npy
2026-02-13 01:11:41,232 - INFO -     ⬆️  Uploaded .npy to S3 in 0.1s
2026-02-13 01:11:41,250 - INFO -     🗑️  Deleted raw .nc
2026-02-13 01:12:06,263 - INFO -     ⬇️  Downloaded NC_H08_20251125_0320_R21_FLDK.07001_06001.nc (698MB) in 24.8s
2026-02-13 01:12:06,284 - INFO -     ✂️  Cropped to (64, 64) in 0.0s → NC_H08_20251125_0320_R21_FLDK.07001_06001.npy
2026-02-13 01:12:06,406 - INFO -     ⬆️  Uploaded .npy to S3 in 0.1s
2026-02-13 01:12:06,418 - INFO -     🗑️  Deleted raw .nc
2026-02-13 01:12:26,323 - INFO -     ⬇️  Downloaded NC_H08_20251125_0330_R21_FLDK.07001_06001.nc (697MB) in 19.8s
2026-02-13 01:12:26,342 - INFO -     ✂️  Cropped to (64, 64) in 0.0s → NC_H08_20251125_0330_R21_FLDK.07001_06001.npy
2026-02-13 01:12:26,402 - INFO -     ⬆️  Uploaded .npy to S3 in 0.1s
2026-02-13 01:12:26,413 - INFO -     🗑️  Deleted raw .nc
2026-02-13 01:12:46,963 - INFO -     ⬇️  Downloaded NC_H08_20251125_0340_R21_FLDK.07001_06001.nc (695MB) in 20.5s
2026-02-13 01:12:46,982 - INFO -     ✂️  Cropped to (64, 64) in 0.0s → NC_H08_20251125_0340_R21_FLDK.07001_06001.npy
2026-02-13 01:12:47,033 - INFO -     ⬆️  Uploaded .npy to S3 in 0.1s
2026-02-13 01:12:47,044 - INFO -     🗑️  Deleted raw .nc
2026-02-13 01:13:15,521 - INFO -     ⬇️  Downloaded NC_H08_20251125_0350_R21_FLDK.07001_06001.nc (693MB) in 28.3s
2026-02-13 01:13:15,542 - INFO -     ✂️  Cropped to (64, 64) in 0.0s → NC_H08_20251125_0350_R21_FLDK.07001_06001.npy
2026-02-13 01:13:15,677 - INFO -     ⬆️  Uploaded .npy to S3 in 0.1s
2026-02-13 01:13:15,689 - INFO -     🗑️  Deleted raw .nc
2026-02-13 01:13:39,181 - INFO -     ⬇️  Downloaded NC_H08_20251125_0400_R21_FLDK.07001_06001.nc (691MB) in 23.3s
2026-02-13 01:13:39,199 - INFO -     ✂️  Cropped to (64, 64) in 0.0s → NC_H08_20251125_0400_R21_FLDK.07001_06001.npy
2026-02-13 01:13:39,266 - INFO -     ⬆️  Uploaded .npy to S3 in 0.1s
2026-02-13 01:13:39,276 - INFO -     🗑️  Deleted raw .nc
2026-02-13 01:14:00,154 - INFO -     ⬇️  Downloaded NC_H08_20251125_0410_R21_FLDK.07001_06001.nc (688MB) in 20.8s
2026-02-13 01:14:00,171 - INFO -     ✂️  Cropped to (64, 64) in 0.0s → NC_H08_20251125_0410_R21_FLDK.07001_06001.npy
2026-02-13 01:14:00,226 - INFO -     ⬆️  Uploaded .npy to S3 in 0.1s
2026-02-13 01:14:00,235 - INFO -     🗑️  Deleted raw .nc
2026-02-13 01:14:22,663 - INFO -     ⬇️  Downloaded NC_H08_20251125_0420_R21_FLDK.07001_06001.nc (685MB) in 22.3s
2026-02-13 01:14:22,686 - INFO -     ✂️  Cropped to (64, 64) in 0.0s → NC_H08_20251125_0420_R21_FLDK.07001_06001.npy
2026-02-13 01:14:22,749 - INFO -     ⬆️  Uploaded .npy to S3 in 0.1s
2026-02-13 01:14:22,761 - INFO -     🗑️  Deleted raw .nc
2026-02-13 01:14:45,718 - INFO -     ⬇️  Downloaded NC_H08_20251125_0430_R21_FLDK.07001_06001.nc (682MB) in 22.9s
2026-02-13 01:14:45,746 - INFO -     ✂️  Cropped to (64, 64) in 0.0s → NC_H08_20251125_0430_R21_FLDK.07001_06001.npy
2026-02-13 01:14:45,886 - INFO -     ⬆️  Uploaded .npy to S3 in 0.1s
2026-02-13 01:14:45,914 - INFO -     🗑️  Deleted raw .nc
2026-02-13 01:15:11,328 - INFO -     ⬇️  Downloaded NC_H08_20251125_0440_R21_FLDK.07001_06001.nc (678MB) in 25.3s
2026-02-13 01:15:11,364 - INFO -     ✂️  Cropped to (64, 64) in 0.0s → NC_H08_20251125_0440_R21_FLDK.07001_06001.npy
2026-02-13 01:15:11,425 - INFO -     ⬆️  Uploaded .npy to S3 in 0.1s
2026-02-13 01:15:11,441 - INFO -     🗑️  Deleted raw .nc
2026-02-13 01:15:31,890 - INFO -     ⬇️  Downloaded NC_H08_20251125_0450_R21_FLDK.07001_06001.nc (674MB) in 20.4s
2026-02-13 01:15:31,909 - INFO -     ✂️  Cropped to (64, 64) in 0.0s → NC_H08_20251125_0450_R21_FLDK.07001_06001.npy
2026-02-13 01:15:32,177 - INFO -     ⬆️  Uploaded .npy to S3 in 0.3s
2026-02-13 01:15:32,193 - INFO -     🗑️  Deleted raw .nc
2026-02-13 01:15:51,547 - INFO -     ⬇️  Downloaded NC_H08_20251125_0500_R21_FLDK.07001_06001.nc (670MB) in 19.2s
2026-02-13 01:15:51,568 - INFO -     ✂️  Cropped to (64, 64) in 0.0s → NC_H08_20251125_0500_R21_FLDK.07001_06001.npy
2026-02-13 01:15:51,620 - INFO -     ⬆️  Uploaded .npy to S3 in 0.1s
2026-02-13 01:15:51,691 - INFO -     🗑️  Deleted raw .nc
2026-02-13 01:16:16,598 - INFO -     ⬇️  Downloaded NC_H08_20251125_0510_R21_FLDK.07001_06001.nc (665MB) in 24.8s
2026-02-13 01:16:16,625 - INFO -     ✂️  Cropped to (64, 64) in 0.0s → NC_H08_20251125_0510_R21_FLDK.07001_06001.npy
2026-02-13 01:16:16,679 - INFO -     ⬆️  Uploaded .npy to S3 in 0.1s
2026-02-13 01:16:16,691 - INFO -     🗑️  Deleted raw .nc
2026-02-13 01:16:35,720 - INFO -     ⬇️  Downloaded NC_H08_20251125_0520_R21_FLDK.07001_06001.nc (661MB) in 18.9s
2026-02-13 01:16:35,737 - INFO -     ✂️  Cropped to (64, 64) in 0.0s → NC_H08_20251125_0520_R21_FLDK.07001_06001.npy
2026-02-13 01:16:35,812 - INFO -     ⬆️  Uploaded .npy to S3 in 0.1s
2026-02-13 01:16:35,820 - INFO -     🗑️  Deleted raw .nc
2026-02-13 01:16:54,603 - INFO -     ⬇️  Downloaded NC_H08_20251125_0530_R21_FLDK.07001_06001.nc (656MB) in 18.7s
2026-02-13 01:16:54,624 - INFO -     ✂️  Cropped to (64, 64) in 0.0s → NC_H08_20251125_0530_R21_FLDK.07001_06001.npy
2026-02-13 01:16:54,675 - INFO -     ⬆️  Uploaded .npy to S3 in 0.1s
2026-02-13 01:16:54,685 - INFO -     🗑️  Deleted raw .nc
2026-02-13 01:17:17,131 - INFO -     ⬇️  Downloaded NC_H08_20251125_0540_R21_FLDK.07001_06001.nc (651MB) in 22.3s
2026-02-13 01:17:17,160 - INFO -     ✂️  Cropped to (64, 64) in 0.0s → NC_H08_20251125_0540_R21_FLDK.07001_06001.npy
2026-02-13 01:17:17,299 - INFO -     ⬆️  Uploaded .npy to S3 in 0.1s
2026-02-13 01:17:17,314 - INFO -     🗑️  Deleted raw .nc
2026-02-13 01:17:39,384 - INFO -     ⬇️  Downloaded NC_H08_20251125_0550_R21_FLDK.07001_06001.nc (647MB) in 22.0s
2026-02-13 01:17:39,402 - INFO -     ✂️  Cropped to (64, 64) in 0.0s → NC_H08_20251125_0550_R21_FLDK.07001_06001.npy
2026-02-13 01:17:39,484 - INFO -     ⬆️  Uploaded .npy to S3 in 0.1s
2026-02-13 01:17:39,494 - INFO -     🗑️  Deleted raw .nc
2026-02-13 01:17:57,604 - INFO -     ⬇️  Downloaded NC_H08_20251125_0600_R21_FLDK.07001_06001.nc (643MB) in 18.0s
2026-02-13 01:17:57,623 - INFO -     ✂️  Cropped to (64, 64) in 0.0s → NC_H08_20251125_0600_R21_FLDK.07001_06001.npy
2026-02-13 01:17:57,792 - INFO -     ⬆️  Uploaded .npy to S3 in 0.2s
2026-02-13 01:17:57,801 - INFO -     🗑️  Deleted raw .nc
2026-02-13 01:18:17,355 - INFO -     ⬇️  Downloaded NC_H08_20251125_0610_R21_FLDK.07001_06001.nc (638MB) in 19.5s
2026-02-13 01:18:17,381 - INFO -     ✂️  Cropped to (64, 64) in 0.0s → NC_H08_20251125_0610_R21_FLDK.07001_06001.npy
2026-02-13 01:18:17,432 - INFO -     ⬆️  Uploaded .npy to S3 in 0.1s
2026-02-13 01:18:17,448 - INFO -     🗑️  Deleted raw .nc
2026-02-13 01:18:39,790 - INFO -     ⬇️  Downloaded NC_H08_20251125_0620_R21_FLDK.07001_06001.nc (634MB) in 22.3s
2026-02-13 01:18:39,808 - INFO -     ✂️  Cropped to (64, 64) in 0.0s → NC_H08_20251125_0620_R21_FLDK.07001_06001.npy
2026-02-13 01:18:40,002 - INFO -     ⬆️  Uploaded .npy to S3 in 0.2s
2026-02-13 01:18:40,020 - INFO -     🗑️  Deleted raw .nc
2026-02-13 01:19:01,887 - INFO -     ⬇️  Downloaded NC_H08_20251125_0630_R21_FLDK.07001_06001.nc (629MB) in 21.7s
2026-02-13 01:19:01,960 - INFO -     ✂️  Cropped to (64, 64) in 0.0s → NC_H08_20251125_0630_R21_FLDK.07001_06001.npy
2026-02-13 01:19:02,024 - INFO -     ⬆️  Uploaded .npy to S3 in 0.1s
2026-02-13 01:19:02,035 - INFO -     🗑️  Deleted raw .nc
2026-02-13 01:19:21,757 - INFO -     ⬇️  Downloaded NC_H08_20251125_0640_R21_FLDK.07001_06001.nc (625MB) in 19.6s
2026-02-13 01:19:21,780 - INFO -     ✂️  Cropped to (64, 64) in 0.0s → NC_H08_20251125_0640_R21_FLDK.07001_06001.npy
2026-02-13 01:19:21,942 - INFO -     ⬆️  Uploaded .npy to S3 in 0.2s
2026-02-13 01:19:21,953 - INFO -     🗑️  Deleted raw .nc
2026-02-13 01:19:39,964 - INFO -     ⬇️  Downloaded NC_H08_20251125_0650_R21_FLDK.07001_06001.nc (620MB) in 17.9s
2026-02-13 01:19:39,983 - INFO -     ✂️  Cropped to (64, 64) in 0.0s → NC_H08_20251125_0650_R21_FLDK.07001_06001.npy
2026-02-13 01:19:40,050 - INFO -     ⬆️  Uploaded .npy to S3 in 0.1s
2026-02-13 01:19:40,105 - INFO -     🗑️  Deleted raw .nc
2026-02-13 01:20:03,115 - INFO -     ⬇️  Downloaded NC_H08_20251125_0700_R21_FLDK.07001_06001.nc (616MB) in 22.9s
2026-02-13 01:20:03,133 - INFO -     ✂️  Cropped to (64, 64) in 0.0s → NC_H08_20251125_0700_R21_FLDK.07001_06001.npy
2026-02-13 01:20:03,186 - INFO -     ⬆️  Uploaded .npy to S3 in 0.1s
2026-02-13 01:20:03,194 - INFO -     🗑️  Deleted raw .nc
2026-02-13 01:20:22,076 - INFO -     ⬇️  Downloaded NC_H08_20251125_0710_R21_FLDK.07001_06001.nc (613MB) in 18.8s
2026-02-13 01:20:22,099 - INFO -     ✂️  Cropped to (64, 64) in 0.0s → NC_H08_20251125_0710_R21_FLDK.07001_06001.npy
2026-02-13 01:20:22,159 - INFO -     ⬆️  Uploaded .npy to S3 in 0.1s
2026-02-13 01:20:22,167 - INFO -     🗑️  Deleted raw .nc
2026-02-13 01:20:40,911 - INFO -     ⬇️  Downloaded NC_H08_20251125_0720_R21_FLDK.07001_06001.nc (608MB) in 18.7s
2026-02-13 01:20:40,941 - INFO -     ✂️  Cropped to (64, 64) in 0.0s → NC_H08_20251125_0720_R21_FLDK.07001_06001.npy
2026-02-13 01:20:41,052 - INFO -     ⬆️  Uploaded .npy to S3 in 0.1s
2026-02-13 01:20:41,064 - INFO -     🗑️  Deleted raw .nc
2026-02-13 01:20:59,928 - INFO -     ⬇️  Downloaded NC_H08_20251125_0730_R21_FLDK.07001_06001.nc (604MB) in 18.7s
2026-02-13 01:20:59,945 - INFO -     ✂️  Cropped to (64, 64) in 0.0s → NC_H08_20251125_0730_R21_FLDK.07001_06001.npy
2026-02-13 01:21:00,013 - INFO -     ⬆️  Uploaded .npy to S3 in 0.1s
2026-02-13 01:21:00,023 - INFO -     🗑️  Deleted raw .nc
2026-02-13 01:21:20,854 - INFO -     ⬇️  Downloaded NC_H08_20251125_0740_R21_FLDK.07001_06001.nc (600MB) in 20.5s
2026-02-13 01:21:20,877 - INFO -     ✂️  Cropped to (64, 64) in 0.0s → NC_H08_20251125_0740_R21_FLDK.07001_06001.npy
2026-02-13 01:21:20,934 - INFO -     ⬆️  Uploaded .npy to S3 in 0.1s
2026-02-13 01:21:20,944 - INFO -     🗑️  Deleted raw .nc
2026-02-13 01:21:38,507 - INFO -     ⬇️  Downloaded NC_H08_20251125_0750_R21_FLDK.07001_06001.nc (595MB) in 17.5s
2026-02-13 01:21:38,527 - INFO -     ✂️  Cropped to (64, 64) in 0.0s → NC_H08_20251125_0750_R21_FLDK.07001_06001.npy
2026-02-13 01:21:38,686 - INFO -     ⬆️  Uploaded .npy to S3 in 0.2s
2026-02-13 01:21:38,697 - INFO -     🗑️  Deleted raw .nc
2026-02-13 01:21:55,962 - INFO -     ⬇️  Downloaded NC_H08_20251125_0800_R21_FLDK.07001_06001.nc (590MB) in 17.1s
2026-02-13 01:21:55,982 - INFO -     ✂️  Cropped to (64, 64) in 0.0s → NC_H08_20251125_0800_R21_FLDK.07001_06001.npy
2026-02-13 01:21:56,034 - INFO -     ⬆️  Uploaded .npy to S3 in 0.1s
2026-02-13 01:21:56,043 - INFO -     🗑️  Deleted raw .nc
2026-02-13 01:22:16,750 - INFO -     ⬇️  Downloaded NC_H08_20251125_0810_R21_FLDK.07001_06001.nc (586MB) in 20.6s
2026-02-13 01:22:16,778 - INFO -     ✂️  Cropped to (64, 64) in 0.0s → NC_H08_20251125_0810_R21_FLDK.07001_06001.npy
2026-02-13 01:22:16,911 - INFO -     ⬆️  Uploaded .npy to S3 in 0.1s
2026-02-13 01:22:16,925 - INFO -     🗑️  Deleted raw .nc
2026-02-13 01:22:36,628 - INFO -     ⬇️  Downloaded NC_H08_20251125_0820_R21_FLDK.07001_06001.nc (581MB) in 19.6s
2026-02-13 01:22:36,647 - INFO -     ✂️  Cropped to (64, 64) in 0.0s → NC_H08_20251125_0820_R21_FLDK.07001_06001.npy
2026-02-13 01:22:36,716 - INFO -     ⬆️  Uploaded .npy to S3 in 0.1s
2026-02-13 01:22:36,758 - INFO -     🗑️  Deleted raw .nc
2026-02-13 01:22:55,054 - INFO -     ⬇️  Downloaded NC_H08_20251125_0830_R21_FLDK.07001_06001.nc (577MB) in 18.2s
2026-02-13 01:22:55,076 - INFO -     ✂️  Cropped to (64, 64) in 0.0s → NC_H08_20251125_0830_R21_FLDK.07001_06001.npy
2026-02-13 01:22:55,135 - INFO -     ⬆️  Uploaded .npy to S3 in 0.1s
2026-02-13 01:22:55,143 - INFO -     🗑️  Deleted raw .nc
2026-02-13 01:23:12,832 - INFO -     ⬇️  Downloaded NC_H08_20251125_0840_R21_FLDK.07001_06001.nc (572MB) in 17.6s
2026-02-13 01:23:12,858 - INFO -     ✂️  Cropped to (64, 64) in 0.0s → NC_H08_20251125_0840_R21_FLDK.07001_06001.npy
2026-02-13 01:23:12,910 - INFO -     ⬆️  Uploaded .npy to S3 in 0.1s
2026-02-13 01:23:12,919 - INFO -     🗑️  Deleted raw .nc
2026-02-13 01:23:30,657 - INFO -     ⬇️  Downloaded NC_H08_20251125_0850_R21_FLDK.07001_06001.nc (568MB) in 17.6s
2026-02-13 01:23:30,687 - INFO -     ✂️  Cropped to (64, 64) in 0.0s → NC_H08_20251125_0850_R21_FLDK.07001_06001.npy
2026-02-13 01:23:30,789 - INFO -     ⬆️  Uploaded .npy to S3 in 0.1s
2026-02-13 01:23:30,794 - INFO -     🗑️  Deleted raw .nc
2026-02-13 01:23:50,429 - INFO -     ⬇️  Downloaded NC_H08_20251125_0900_R21_FLDK.07001_06001.nc (564MB) in 19.5s
2026-02-13 01:23:50,453 - INFO -     ✂️  Cropped to (64, 64) in 0.0s → NC_H08_20251125_0900_R21_FLDK.07001_06001.npy
2026-02-13 01:23:50,506 - INFO -     ⬆️  Uploaded .npy to S3 in 0.1s
2026-02-13 01:23:50,514 - INFO -     🗑️  Deleted raw .nc
2026-02-13 01:24:07,132 - INFO -     ⬇️  Downloaded NC_H08_20251125_0910_R21_FLDK.07001_06001.nc (560MB) in 16.5s
2026-02-13 01:24:07,151 - INFO -     ✂️  Cropped to (64, 64) in 0.0s → NC_H08_20251125_0910_R21_FLDK.07001_06001.npy
2026-02-13 01:24:07,203 - INFO -     ⬆️  Uploaded .npy to S3 in 0.1s
2026-02-13 01:24:07,210 - INFO -     🗑️  Deleted raw .nc
2026-02-13 01:24:23,365 - INFO -     ⬇️  Downloaded NC_H08_20251125_0920_R21_FLDK.07001_06001.nc (555MB) in 16.1s
2026-02-13 01:24:23,387 - INFO -     ✂️  Cropped to (64, 64) in 0.0s → NC_H08_20251125_0920_R21_FLDK.07001_06001.npy
2026-02-13 01:24:23,441 - INFO -     ⬆️  Uploaded .npy to S3 in 0.1s
2026-02-13 01:24:23,450 - INFO -     🗑️  Deleted raw .nc
2026-02-13 01:24:38,851 - INFO -     ⬇️  Downloaded NC_H08_20251125_0930_R21_FLDK.07001_06001.nc (551MB) in 15.3s
2026-02-13 01:24:38,871 - INFO -     ✂️  Cropped to (64, 64) in 0.0s → NC_H08_20251125_0930_R21_FLDK.07001_06001.npy
2026-02-13 01:24:38,929 - INFO -     ⬆️  Uploaded .npy to S3 in 0.1s
2026-02-13 01:24:38,967 - INFO -     🗑️  Deleted raw .nc
2026-02-13 01:24:59,321 - INFO -     ⬇️  Downloaded NC_H08_20251125_0940_R21_FLDK.07001_06001.nc (547MB) in 20.2s
2026-02-13 01:24:59,339 - INFO -     ✂️  Cropped to (64, 64) in 0.0s → NC_H08_20251125_0940_R21_FLDK.07001_06001.npy
2026-02-13 01:24:59,611 - INFO -     ⬆️  Uploaded .npy to S3 in 0.3s
2026-02-13 01:24:59,620 - INFO -     🗑️  Deleted raw .nc
2026-02-13 01:25:17,740 - INFO -     ⬇️  Downloaded NC_H08_20251125_0950_R21_FLDK.07001_06001.nc (543MB) in 17.9s
2026-02-13 01:25:17,765 - INFO -     ✂️  Cropped to (64, 64) in 0.0s → NC_H08_20251125_0950_R21_FLDK.07001_06001.npy
2026-02-13 01:25:17,820 - INFO -     ⬆️  Uploaded .npy to S3 in 0.1s
2026-02-13 01:25:17,828 - INFO -     🗑️  Deleted raw .nc
2026-02-13 01:25:33,142 - INFO -     ⬇️  Downloaded NC_H08_20251125_1000_R21_FLDK.07001_06001.nc (540MB) in 15.2s
2026-02-13 01:25:33,164 - INFO -     ✂️  Cropped to (64, 64) in 0.0s → NC_H08_20251125_1000_R21_FLDK.07001_06001.npy
2026-02-13 01:25:33,225 - INFO -     ⬆️  Uploaded .npy to S3 in 0.1s
2026-02-13 01:25:33,232 - INFO -     🗑️  Deleted raw .nc
2026-02-13 01:25:48,330 - INFO -     ⬇️  Downloaded NC_H08_20251125_1010_R21_FLDK.07001_06001.nc (536MB) in 15.0s
2026-02-13 01:25:48,355 - INFO -     ✂️  Cropped to (64, 64) in 0.0s → NC_H08_20251125_1010_R21_FLDK.07001_06001.npy
2026-02-13 01:25:48,425 - INFO -     ⬆️  Uploaded .npy to S3 in 0.1s
2026-02-13 01:25:48,434 - INFO -     🗑️  Deleted raw .nc
2026-02-13 01:26:05,714 - INFO -     ⬇️  Downloaded NC_H08_20251125_1020_R21_FLDK.07001_06001.nc (531MB) in 17.2s
2026-02-13 01:26:05,735 - INFO -     ✂️  Cropped to (64, 64) in 0.0s → NC_H08_20251125_1020_R21_FLDK.07001_06001.npy
2026-02-13 01:26:05,832 - INFO -     ⬆️  Uploaded .npy to S3 in 0.1s
2026-02-13 01:26:05,841 - INFO -     🗑️  Deleted raw .nc
2026-02-13 01:26:24,492 - INFO -     ⬇️  Downloaded NC_H08_20251125_1030_R21_FLDK.07001_06001.nc (528MB) in 18.5s
2026-02-13 01:26:24,514 - INFO -     ✂️  Cropped to (64, 64) in 0.0s → NC_H08_20251125_1030_R21_FLDK.07001_06001.npy
2026-02-13 01:26:24,565 - INFO -     ⬆️  Uploaded .npy to S3 in 0.1s
2026-02-13 01:26:24,573 - INFO -     🗑️  Deleted raw .nc
2026-02-13 01:26:39,027 - INFO -     ⬇️  Downloaded NC_H08_20251125_1040_R21_FLDK.07001_06001.nc (524MB) in 14.4s
2026-02-13 01:26:39,047 - INFO -     ✂️  Cropped to (64, 64) in 0.0s → NC_H08_20251125_1040_R21_FLDK.07001_06001.npy
2026-02-13 01:26:39,096 - INFO -     ⬆️  Uploaded .npy to S3 in 0.0s
2026-02-13 01:26:39,102 - INFO -     🗑️  Deleted raw .nc
2026-02-13 01:26:52,824 - INFO -     ⬇️  Downloaded NC_H08_20251125_1050_R21_FLDK.07001_06001.nc (520MB) in 13.6s
2026-02-13 01:26:52,844 - INFO -     ✂️  Cropped to (64, 64) in 0.0s → NC_H08_20251125_1050_R21_FLDK.07001_06001.npy
2026-02-13 01:26:52,896 - INFO -     ⬆️  Uploaded .npy to S3 in 0.1s
2026-02-13 01:26:52,903 - INFO -     🗑️  Deleted raw .nc
2026-02-13 01:27:08,472 - INFO -     ⬇️  Downloaded NC_H08_20251125_1110_R21_FLDK.07001_06001.nc (511MB) in 15.5s
2026-02-13 01:27:08,492 - INFO -     ✂️  Cropped to (64, 64) in 0.0s → NC_H08_20251125_1110_R21_FLDK.07001_06001.npy
2026-02-13 01:27:08,613 - INFO -     ⬆️  Uploaded .npy to S3 in 0.1s
2026-02-13 01:27:08,622 - INFO -     🗑️  Deleted raw .nc
2026-02-13 01:27:25,377 - INFO -     ⬇️  Downloaded NC_H08_20251125_1120_R21_FLDK.07001_06001.nc (507MB) in 16.7s
2026-02-13 01:27:25,397 - INFO -     ✂️  Cropped to (64, 64) in 0.0s → NC_H08_20251125_1120_R21_FLDK.07001_06001.npy
2026-02-13 01:27:25,505 - INFO -     ⬆️  Uploaded .npy to S3 in 0.1s
2026-02-13 01:27:25,514 - INFO -     🗑️  Deleted raw .nc
2026-02-13 01:27:42,286 - INFO -     ⬇️  Downloaded NC_H08_20251125_1130_R21_FLDK.07001_06001.nc (503MB) in 16.7s
2026-02-13 01:27:42,316 - INFO -     ✂️  Cropped to (64, 64) in 0.0s → NC_H08_20251125_1130_R21_FLDK.07001_06001.npy
2026-02-13 01:27:42,369 - INFO -     ⬆️  Uploaded .npy to S3 in 0.1s
2026-02-13 01:27:42,379 - INFO -     🗑️  Deleted raw .nc
2026-02-13 01:27:57,213 - INFO -     ⬇️  Downloaded NC_H08_20251125_1140_R21_FLDK.07001_06001.nc (499MB) in 14.7s
2026-02-13 01:27:57,289 - INFO -     ✂️  Cropped to (64, 64) in 0.0s → NC_H08_20251125_1140_R21_FLDK.07001_06001.npy
2026-02-13 01:27:57,341 - INFO -     ⬆️  Uploaded .npy to S3 in 0.1s
2026-02-13 01:27:57,350 - INFO -     🗑️  Deleted raw .nc
2026-02-13 01:28:11,534 - INFO -     ⬇️  Downloaded NC_H08_20251125_1300_R21_FLDK.07001_06001.nc (470MB) in 14.0s
2026-02-13 01:28:11,569 - INFO -     ✂️  Cropped to (64, 64) in 0.0s → NC_H08_20251125_1300_R21_FLDK.07001_06001.npy
2026-02-13 01:28:11,642 - INFO -     ⬆️  Uploaded .npy to S3 in 0.1s
2026-02-13 01:28:11,654 - INFO -     🗑️  Deleted raw .nc
2026-02-13 01:28:24,445 - INFO -     ⬇️  Downloaded NC_H08_20251125_1310_R21_FLDK.07001_06001.nc (468MB) in 12.7s
2026-02-13 01:28:24,464 - INFO -     ✂️  Cropped to (64, 64) in 0.0s → NC_H08_20251125_1310_R21_FLDK.07001_06001.npy
2026-02-13 01:28:24,518 - INFO -     ⬆️  Uploaded .npy to S3 in 0.1s
2026-02-13 01:28:24,523 - INFO -     🗑️  Deleted raw .nc
2026-02-13 01:28:40,927 - INFO -     ⬇️  Downloaded NC_H08_20251125_1640_R21_FLDK.07001_06001.nc (491MB) in 16.3s
2026-02-13 01:28:40,965 - INFO -     ✂️  Cropped to (64, 64) in 0.0s → NC_H08_20251125_1640_R21_FLDK.07001_06001.npy
2026-02-13 01:28:41,043 - INFO -     ⬆️  Uploaded .npy to S3 in 0.1s
2026-02-13 01:28:41,056 - INFO -     🗑️  Deleted raw .nc
2026-02-13 01:28:58,365 - INFO -     ⬇️  Downloaded NC_H08_20251125_1650_R21_FLDK.07001_06001.nc (495MB) in 17.2s
2026-02-13 01:28:58,384 - INFO -     ✂️  Cropped to (64, 64) in 0.0s → NC_H08_20251125_1650_R21_FLDK.07001_06001.npy
2026-02-13 01:28:58,455 - INFO -     ⬆️  Uploaded .npy to S3 in 0.1s
2026-02-13 01:28:58,461 - INFO -     🗑️  Deleted raw .nc
2026-02-13 01:29:14,961 - INFO -     ⬇️  Downloaded NC_H08_20251125_1900_R21_FLDK.07001_06001.nc (551MB) in 16.4s
2026-02-13 01:29:14,990 - INFO -     ✂️  Cropped to (64, 64) in 0.0s → NC_H08_20251125_1900_R21_FLDK.07001_06001.npy
2026-02-13 01:29:15,047 - INFO -     ⬆️  Uploaded .npy to S3 in 0.1s
2026-02-13 01:29:15,056 - INFO -     🗑️  Deleted raw .nc
2026-02-13 01:29:30,073 - INFO -     ⬇️  Downloaded NC_H08_20251125_1920_R21_FLDK.07001_06001.nc (559MB) in 14.9s
2026-02-13 01:29:30,090 - INFO -     ✂️  Cropped to (64, 64) in 0.0s → NC_H08_20251125_1920_R21_FLDK.07001_06001.npy
2026-02-13 01:29:30,171 - INFO -     ⬆️  Uploaded .npy to S3 in 0.1s
2026-02-13 01:29:30,179 - INFO -     🗑️  Deleted raw .nc
2026-02-13 01:29:46,539 - INFO -     ⬇️  Downloaded NC_H08_20251125_2130_R21_FLDK.07001_06001.nc (610MB) in 16.3s
2026-02-13 01:29:46,564 - INFO -     ✂️  Cropped to (64, 64) in 0.0s → NC_H08_20251125_2130_R21_FLDK.07001_06001.npy
2026-02-13 01:29:46,615 - INFO -     ⬆️  Uploaded .npy to S3 in 0.1s
2026-02-13 01:29:46,858 - INFO -     🗑️  Deleted raw .nc
2026-02-13 01:30:10,031 - INFO -     ⬇️  Downloaded NC_H08_20251125_2350_R21_FLDK.07001_06001.nc (670MB) in 23.1s
2026-02-13 01:30:10,050 - INFO -     ✂️  Cropped to (64, 64) in 0.0s → NC_H08_20251125_2350_R21_FLDK.07001_06001.npy
2026-02-13 01:30:10,112 - INFO -     ⬆️  Uploaded .npy to S3 in 0.1s
2026-02-13 01:30:10,120 - INFO -     🗑️  Deleted raw .nc
2026-02-13 01:30:10,120 - INFO -   2025-11-25: processed=73, skipped=0, time=1457.8s
2026-02-13 01:30:10,121 - INFO - 
[42/48] Processing 2025-11-26 (11 slots, 2.4mm)
2026-02-13 01:30:10,681 - INFO -   2025-11-26: processed=0, skipped=11, time=0.6s
2026-02-13 01:30:10,681 - INFO - 
[43/48] Processing 2025-11-27 (53 slots, 319.1mm)
2026-02-13 01:30:28,687 - INFO -     ⬇️  Downloaded NC_H09_20251127_0100_R21_FLDK.07001_06001.nc (687MB) in 17.9s
2026-02-13 01:30:28,704 - INFO -     ✂️  Cropped to (64, 64) in 0.0s → NC_H09_20251127_0100_R21_FLDK.07001_06001.npy
2026-02-13 01:30:28,788 - INFO -     ⬆️  Uploaded .npy to S3 in 0.1s
2026-02-13 01:30:28,799 - INFO -     🗑️  Deleted raw .nc
2026-02-13 01:30:49,422 - INFO -     ⬇️  Downloaded NC_H09_20251127_0130_R21_FLDK.07001_06001.nc (692MB) in 20.6s
2026-02-13 01:30:49,441 - INFO -     ✂️  Cropped to (64, 64) in 0.0s → NC_H09_20251127_0130_R21_FLDK.07001_06001.npy
2026-02-13 01:30:49,501 - INFO -     ⬆️  Uploaded .npy to S3 in 0.1s
2026-02-13 01:30:49,557 - INFO -     🗑️  Deleted raw .nc
2026-02-13 01:31:08,283 - INFO -     ⬇️  Downloaded NC_H09_20251127_0140_R21_FLDK.07001_06001.nc (693MB) in 18.6s
2026-02-13 01:31:08,301 - INFO -     ✂️  Cropped to (64, 64) in 0.0s → NC_H09_20251127_0140_R21_FLDK.07001_06001.npy
2026-02-13 01:31:08,400 - INFO -     ⬆️  Uploaded .npy to S3 in 0.1s
2026-02-13 01:31:08,411 - INFO -     🗑️  Deleted raw .nc
2026-02-13 01:31:31,328 - INFO -     ⬇️  Downloaded NC_H09_20251127_0150_R21_FLDK.07001_06001.nc (694MB) in 22.7s
2026-02-13 01:31:31,346 - INFO -     ✂️  Cropped to (64, 64) in 0.0s → NC_H09_20251127_0150_R21_FLDK.07001_06001.npy
2026-02-13 01:31:31,399 - INFO -     ⬆️  Uploaded .npy to S3 in 0.1s
2026-02-13 01:31:31,408 - INFO -     🗑️  Deleted raw .nc
2026-02-13 01:31:50,149 - INFO -     ⬇️  Downloaded NC_H09_20251127_0200_R21_FLDK.07001_06001.nc (694MB) in 18.7s
2026-02-13 01:31:50,168 - INFO -     ✂️  Cropped to (64, 64) in 0.0s → NC_H09_20251127_0200_R21_FLDK.07001_06001.npy
2026-02-13 01:31:50,224 - INFO -     ⬆️  Uploaded .npy to S3 in 0.1s
2026-02-13 01:31:50,234 - INFO -     🗑️  Deleted raw .nc
2026-02-13 01:32:10,115 - INFO -     ⬇️  Downloaded NC_H09_20251127_0250_R21_FLDK.07001_06001.nc (695MB) in 19.8s
2026-02-13 01:32:10,135 - INFO -     ✂️  Cropped to (64, 64) in 0.0s → NC_H09_20251127_0250_R21_FLDK.07001_06001.npy
2026-02-13 01:32:10,204 - INFO -     ⬆️  Uploaded .npy to S3 in 0.1s
2026-02-13 01:32:10,214 - INFO -     🗑️  Deleted raw .nc
2026-02-13 01:32:31,315 - INFO -     ⬇️  Downloaded NC_H09_20251127_0300_R21_FLDK.07001_06001.nc (694MB) in 21.0s
2026-02-13 01:32:31,333 - INFO -     ✂️  Cropped to (64, 64) in 0.0s → NC_H09_20251127_0300_R21_FLDK.07001_06001.npy
2026-02-13 01:32:31,425 - INFO -     ⬆️  Uploaded .npy to S3 in 0.1s
2026-02-13 01:32:31,434 - INFO -     🗑️  Deleted raw .nc
2026-02-13 01:32:54,351 - INFO -     ⬇️  Downloaded NC_H09_20251127_0310_R21_FLDK.07001_06001.nc (693MB) in 22.8s
2026-02-13 01:32:54,368 - INFO -     ✂️  Cropped to (64, 64) in 0.0s → NC_H09_20251127_0310_R21_FLDK.07001_06001.npy
2026-02-13 01:32:54,417 - INFO -     ⬆️  Uploaded .npy to S3 in 0.0s
2026-02-13 01:32:54,473 - INFO -     🗑️  Deleted raw .nc
2026-02-13 01:33:15,784 - INFO -     ⬇️  Downloaded NC_H09_20251127_0320_R21_FLDK.07001_06001.nc (692MB) in 21.2s
2026-02-13 01:33:15,811 - INFO -     ✂️  Cropped to (64, 64) in 0.0s → NC_H09_20251127_0320_R21_FLDK.07001_06001.npy
2026-02-13 01:33:15,866 - INFO -     ⬆️  Uploaded .npy to S3 in 0.1s
2026-02-13 01:33:15,877 - INFO -     🗑️  Deleted raw .nc
2026-02-13 01:33:33,470 - INFO -     ⬇️  Downloaded NC_H09_20251127_0330_R21_FLDK.07001_06001.nc (691MB) in 17.5s
2026-02-13 01:33:33,488 - INFO -     ✂️  Cropped to (64, 64) in 0.0s → NC_H09_20251127_0330_R21_FLDK.07001_06001.npy
2026-02-13 01:33:33,552 - INFO -     ⬆️  Uploaded .npy to S3 in 0.1s
2026-02-13 01:33:33,563 - INFO -     🗑️  Deleted raw .nc
2026-02-13 01:33:55,410 - INFO -     ⬇️  Downloaded NC_H09_20251127_0340_R21_FLDK.07001_06001.nc (690MB) in 21.8s
2026-02-13 01:33:55,429 - INFO -     ✂️  Cropped to (64, 64) in 0.0s → NC_H09_20251127_0340_R21_FLDK.07001_06001.npy
2026-02-13 01:33:55,483 - INFO -     ⬆️  Uploaded .npy to S3 in 0.1s
2026-02-13 01:33:55,492 - INFO -     🗑️  Deleted raw .nc
2026-02-13 01:34:15,520 - INFO -     ⬇️  Downloaded NC_H09_20251127_0350_R21_FLDK.07001_06001.nc (688MB) in 19.8s
2026-02-13 01:34:15,547 - INFO -     ✂️  Cropped to (64, 64) in 0.0s → NC_H09_20251127_0350_R21_FLDK.07001_06001.npy
2026-02-13 01:34:15,599 - INFO -     ⬆️  Uploaded .npy to S3 in 0.1s
2026-02-13 01:34:15,610 - INFO -     🗑️  Deleted raw .nc
2026-02-13 01:34:34,114 - INFO -     ⬇️  Downloaded NC_H09_20251127_0440_R21_FLDK.07001_06001.nc (673MB) in 18.4s
2026-02-13 01:34:34,132 - INFO -     ✂️  Cropped to (64, 64) in 0.0s → NC_H09_20251127_0440_R21_FLDK.07001_06001.npy
2026-02-13 01:34:34,239 - INFO -     ⬆️  Uploaded .npy to S3 in 0.1s
2026-02-13 01:34:34,279 - INFO -     🗑️  Deleted raw .nc
2026-02-13 01:34:52,287 - INFO -     ⬇️  Downloaded NC_H09_20251127_0520_R21_FLDK.07001_06001.nc (656MB) in 17.9s
2026-02-13 01:34:52,307 - INFO -     ✂️  Cropped to (64, 64) in 0.0s → NC_H09_20251127_0520_R21_FLDK.07001_06001.npy
2026-02-13 01:34:52,407 - INFO -     ⬆️  Uploaded .npy to S3 in 0.1s
2026-02-13 01:34:52,418 - INFO -     🗑️  Deleted raw .nc
2026-02-13 01:35:14,169 - INFO -     ⬇️  Downloaded NC_H09_20251127_0620_R21_FLDK.07001_06001.nc (629MB) in 21.7s
2026-02-13 01:35:14,200 - INFO -     ✂️  Cropped to (64, 64) in 0.0s → NC_H09_20251127_0620_R21_FLDK.07001_06001.npy
2026-02-13 01:35:14,262 - INFO -     ⬆️  Uploaded .npy to S3 in 0.1s
2026-02-13 01:35:14,272 - INFO -     🗑️  Deleted raw .nc
2026-02-13 01:35:27,807 - INFO -     ⬇️  Downloaded NC_H09_20251127_0840_R21_FLDK.06001_06001.nc (504MB) in 13.4s
2026-02-13 01:35:27,826 - INFO -     ✂️  Cropped to (64, 64) in 0.0s → NC_H09_20251127_0840_R21_FLDK.06001_06001.npy
2026-02-13 01:35:27,880 - INFO -     ⬆️  Uploaded .npy to S3 in 0.1s
2026-02-13 01:35:27,887 - INFO -     🗑️  Deleted raw .nc
2026-02-13 01:35:43,273 - INFO -     ⬇️  Downloaded NC_H09_20251127_0850_R21_FLDK.07001_06001.nc (561MB) in 15.3s
2026-02-13 01:35:43,303 - INFO -     ✂️  Cropped to (64, 64) in 0.0s → NC_H09_20251127_0850_R21_FLDK.07001_06001.npy
2026-02-13 01:35:43,352 - INFO -     ⬆️  Uploaded .npy to S3 in 0.0s
2026-02-13 01:35:43,362 - INFO -     🗑️  Deleted raw .nc
2026-02-13 01:35:58,057 - INFO -     ⬇️  Downloaded NC_H09_20251127_0900_R21_FLDK.07001_06001.nc (557MB) in 14.6s
2026-02-13 01:35:58,076 - INFO -     ✂️  Cropped to (64, 64) in 0.0s → NC_H09_20251127_0900_R21_FLDK.07001_06001.npy
2026-02-13 01:35:58,138 - INFO -     ⬆️  Uploaded .npy to S3 in 0.1s
2026-02-13 01:35:58,146 - INFO -     🗑️  Deleted raw .nc
2026-02-13 01:36:15,117 - INFO -     ⬇️  Downloaded NC_H09_20251127_1020_R21_FLDK.07001_06001.nc (524MB) in 16.9s
2026-02-13 01:36:15,146 - INFO -     ✂️  Cropped to (64, 64) in 0.0s → NC_H09_20251127_1020_R21_FLDK.07001_06001.npy
2026-02-13 01:36:15,297 - INFO -     ⬆️  Uploaded .npy to S3 in 0.2s
2026-02-13 01:36:15,311 - INFO -     🗑️  Deleted raw .nc
2026-02-13 01:36:32,251 - INFO -     ⬇️  Downloaded NC_H09_20251127_1030_R21_FLDK.07001_06001.nc (520MB) in 16.8s
2026-02-13 01:36:32,268 - INFO -     ✂️  Cropped to (64, 64) in 0.0s → NC_H09_20251127_1030_R21_FLDK.07001_06001.npy
2026-02-13 01:36:32,319 - INFO -     ⬆️  Uploaded .npy to S3 in 0.1s
2026-02-13 01:36:32,356 - INFO -     🗑️  Deleted raw .nc
2026-02-13 01:36:46,108 - INFO -     ⬇️  Downloaded NC_H09_20251127_1040_R21_FLDK.07001_06001.nc (516MB) in 13.7s
2026-02-13 01:36:46,132 - INFO -     ✂️  Cropped to (64, 64) in 0.0s → NC_H09_20251127_1040_R21_FLDK.07001_06001.npy
2026-02-13 01:36:46,186 - INFO -     ⬆️  Uploaded .npy to S3 in 0.1s
2026-02-13 01:36:46,193 - INFO -     🗑️  Deleted raw .nc
2026-02-13 01:37:00,174 - INFO -     ⬇️  Downloaded NC_H09_20251127_1050_R21_FLDK.07001_06001.nc (512MB) in 13.9s
2026-02-13 01:37:00,191 - INFO -     ✂️  Cropped to (64, 64) in 0.0s → NC_H09_20251127_1050_R21_FLDK.07001_06001.npy
2026-02-13 01:37:00,250 - INFO -     ⬆️  Uploaded .npy to S3 in 0.1s
2026-02-13 01:37:00,257 - INFO -     🗑️  Deleted raw .nc
2026-02-13 01:37:14,586 - INFO -     ⬇️  Downloaded NC_H09_20251127_1100_R21_FLDK.07001_06001.nc (508MB) in 14.3s
2026-02-13 01:37:14,613 - INFO -     ✂️  Cropped to (64, 64) in 0.0s → NC_H09_20251127_1100_R21_FLDK.07001_06001.npy
2026-02-13 01:37:14,662 - INFO -     ⬆️  Uploaded .npy to S3 in 0.0s
2026-02-13 01:37:14,670 - INFO -     🗑️  Deleted raw .nc
2026-02-13 01:37:27,489 - INFO -     ⬇️  Downloaded NC_H09_20251127_1110_R21_FLDK.07001_06001.nc (504MB) in 12.7s
2026-02-13 01:37:27,507 - INFO -     ✂️  Cropped to (64, 64) in 0.0s → NC_H09_20251127_1110_R21_FLDK.07001_06001.npy
2026-02-13 01:37:28,235 - INFO -     ⬆️  Uploaded .npy to S3 in 0.7s
2026-02-13 01:37:28,244 - INFO -     🗑️  Deleted raw .nc
2026-02-13 01:37:45,998 - INFO -     ⬇️  Downloaded NC_H09_20251127_1120_R21_FLDK.07001_06001.nc (499MB) in 17.6s
2026-02-13 01:37:46,014 - INFO -     ✂️  Cropped to (64, 64) in 0.0s → NC_H09_20251127_1120_R21_FLDK.07001_06001.npy
2026-02-13 01:37:46,081 - INFO -     ⬆️  Uploaded .npy to S3 in 0.1s
2026-02-13 01:37:46,088 - INFO -     🗑️  Deleted raw .nc
2026-02-13 01:37:59,367 - INFO -     ⬇️  Downloaded NC_H09_20251127_1130_R21_FLDK.07001_06001.nc (495MB) in 13.2s
2026-02-13 01:37:59,386 - INFO -     ✂️  Cropped to (64, 64) in 0.0s → NC_H09_20251127_1130_R21_FLDK.07001_06001.npy
2026-02-13 01:37:59,485 - INFO -     ⬆️  Uploaded .npy to S3 in 0.1s
2026-02-13 01:37:59,492 - INFO -     🗑️  Deleted raw .nc
2026-02-13 01:38:12,664 - INFO -     ⬇️  Downloaded NC_H09_20251127_1140_R21_FLDK.07001_06001.nc (491MB) in 13.1s
2026-02-13 01:38:12,694 - INFO -     ✂️  Cropped to (64, 64) in 0.0s → NC_H09_20251127_1140_R21_FLDK.07001_06001.npy
2026-02-13 01:38:12,751 - INFO -     ⬆️  Uploaded .npy to S3 in 0.1s
2026-02-13 01:38:12,763 - INFO -     🗑️  Deleted raw .nc
2026-02-13 01:38:25,559 - INFO -     ⬇️  Downloaded NC_H09_20251127_1150_R21_FLDK.07001_06001.nc (487MB) in 12.7s
2026-02-13 01:38:25,577 - INFO -     ✂️  Cropped to (64, 64) in 0.0s → NC_H09_20251127_1150_R21_FLDK.07001_06001.npy
2026-02-13 01:38:25,706 - INFO -     ⬆️  Uploaded .npy to S3 in 0.1s
2026-02-13 01:38:25,714 - INFO -     🗑️  Deleted raw .nc
2026-02-13 01:38:37,940 - INFO -     ⬇️  Downloaded NC_H09_20251127_1530_R21_FLDK.07001_06001.nc (455MB) in 12.1s
2026-02-13 01:38:37,959 - INFO -     ✂️  Cropped to (64, 64) in 0.0s → NC_H09_20251127_1530_R21_FLDK.07001_06001.npy
2026-02-13 01:38:38,009 - INFO -     ⬆️  Uploaded .npy to S3 in 0.1s
2026-02-13 01:38:38,015 - INFO -     🗑️  Deleted raw .nc
2026-02-13 01:38:50,920 - INFO -     ⬇️  Downloaded NC_H09_20251127_1540_R21_FLDK.07001_06001.nc (458MB) in 12.8s
2026-02-13 01:38:50,940 - INFO -     ✂️  Cropped to (64, 64) in 0.0s → NC_H09_20251127_1540_R21_FLDK.07001_06001.npy
2026-02-13 01:38:50,990 - INFO -     ⬆️  Uploaded .npy to S3 in 0.0s
2026-02-13 01:38:50,996 - INFO -     🗑️  Deleted raw .nc
2026-02-13 01:39:07,263 - INFO -     ⬇️  Downloaded NC_H09_20251127_1550_R21_FLDK.07001_06001.nc (461MB) in 16.1s
2026-02-13 01:39:07,282 - INFO -     ✂️  Cropped to (64, 64) in 0.0s → NC_H09_20251127_1550_R21_FLDK.07001_06001.npy
2026-02-13 01:39:07,332 - INFO -     ⬆️  Uploaded .npy to S3 in 0.1s
2026-02-13 01:39:07,337 - INFO -     🗑️  Deleted raw .nc
2026-02-13 01:39:20,586 - INFO -     ⬇️  Downloaded NC_H09_20251127_1600_R21_FLDK.07001_06001.nc (465MB) in 13.2s
2026-02-13 01:39:20,606 - INFO -     ✂️  Cropped to (64, 64) in 0.0s → NC_H09_20251127_1600_R21_FLDK.07001_06001.npy
2026-02-13 01:39:20,655 - INFO -     ⬆️  Uploaded .npy to S3 in 0.0s
2026-02-13 01:39:20,660 - INFO -     🗑️  Deleted raw .nc
2026-02-13 01:39:34,139 - INFO -     ⬇️  Downloaded NC_H09_20251127_1610_R21_FLDK.07001_06001.nc (469MB) in 13.4s
2026-02-13 01:39:34,157 - INFO -     ✂️  Cropped to (64, 64) in 0.0s → NC_H09_20251127_1610_R21_FLDK.07001_06001.npy
2026-02-13 01:39:34,233 - INFO -     ⬆️  Uploaded .npy to S3 in 0.1s
2026-02-13 01:39:34,239 - INFO -     🗑️  Deleted raw .nc
2026-02-13 01:39:48,122 - INFO -     ⬇️  Downloaded NC_H09_20251127_1620_R21_FLDK.07001_06001.nc (474MB) in 13.8s
2026-02-13 01:39:48,145 - INFO -     ✂️  Cropped to (64, 64) in 0.0s → NC_H09_20251127_1620_R21_FLDK.07001_06001.npy
2026-02-13 01:39:48,195 - INFO -     ⬆️  Uploaded .npy to S3 in 0.0s
2026-02-13 01:39:48,202 - INFO -     🗑️  Deleted raw .nc
2026-02-13 01:40:02,250 - INFO -     ⬇️  Downloaded NC_H09_20251127_1750_R21_FLDK.07001_06001.nc (513MB) in 14.0s
2026-02-13 01:40:02,268 - INFO -     ✂️  Cropped to (64, 64) in 0.0s → NC_H09_20251127_1750_R21_FLDK.07001_06001.npy
2026-02-13 01:40:02,388 - INFO -     ⬆️  Uploaded .npy to S3 in 0.1s
2026-02-13 01:40:02,398 - INFO -     🗑️  Deleted raw .nc
2026-02-13 01:40:19,056 - INFO -     ⬇️  Downloaded NC_H09_20251127_1800_R21_FLDK.06001_06001.nc (454MB) in 16.5s
2026-02-13 01:40:19,078 - INFO -     ✂️  Cropped to (64, 64) in 0.0s → NC_H09_20251127_1800_R21_FLDK.06001_06001.npy
2026-02-13 01:40:19,134 - INFO -     ⬆️  Uploaded .npy to S3 in 0.1s
2026-02-13 01:40:19,141 - INFO -     🗑️  Deleted raw .nc
2026-02-13 01:40:32,726 - INFO -     ⬇️  Downloaded NC_H09_20251127_1810_R21_FLDK.07001_06001.nc (522MB) in 13.5s
2026-02-13 01:40:32,743 - INFO -     ✂️  Cropped to (64, 64) in 0.0s → NC_H09_20251127_1810_R21_FLDK.07001_06001.npy
2026-02-13 01:40:32,790 - INFO -     ⬆️  Uploaded .npy to S3 in 0.0s
2026-02-13 01:40:32,796 - INFO -     🗑️  Deleted raw .nc
2026-02-13 01:40:46,425 - INFO -     ⬇️  Downloaded NC_H09_20251127_1820_R21_FLDK.07001_06001.nc (525MB) in 13.6s
2026-02-13 01:40:46,447 - INFO -     ✂️  Cropped to (64, 64) in 0.0s → NC_H09_20251127_1820_R21_FLDK.07001_06001.npy
2026-02-13 01:40:46,498 - INFO -     ⬆️  Uploaded .npy to S3 in 0.1s
2026-02-13 01:40:46,749 - INFO -     🗑️  Deleted raw .nc
2026-02-13 01:41:01,089 - INFO -     ⬇️  Downloaded NC_H09_20251127_1830_R21_FLDK.07001_06001.nc (529MB) in 14.2s
2026-02-13 01:41:01,106 - INFO -     ✂️  Cropped to (64, 64) in 0.0s → NC_H09_20251127_1830_R21_FLDK.07001_06001.npy
2026-02-13 01:41:01,261 - INFO -     ⬆️  Uploaded .npy to S3 in 0.2s
2026-02-13 01:41:01,270 - INFO -     🗑️  Deleted raw .nc
2026-02-13 01:41:15,782 - INFO -     ⬇️  Downloaded NC_H09_20251127_1840_R21_FLDK.07001_06001.nc (533MB) in 14.4s
2026-02-13 01:41:15,807 - INFO -     ✂️  Cropped to (64, 64) in 0.0s → NC_H09_20251127_1840_R21_FLDK.07001_06001.npy
2026-02-13 01:41:15,871 - INFO -     ⬆️  Uploaded .npy to S3 in 0.1s
2026-02-13 01:41:15,881 - INFO -     🗑️  Deleted raw .nc
2026-02-13 01:41:34,925 - INFO -     ⬇️  Downloaded NC_H09_20251127_1850_R21_FLDK.07001_06001.nc (537MB) in 19.0s
2026-02-13 01:41:34,942 - INFO -     ✂️  Cropped to (64, 64) in 0.0s → NC_H09_20251127_1850_R21_FLDK.07001_06001.npy
2026-02-13 01:41:35,032 - INFO -     ⬆️  Uploaded .npy to S3 in 0.1s
2026-02-13 01:41:35,041 - INFO -     🗑️  Deleted raw .nc
2026-02-13 01:41:48,995 - INFO -     ⬇️  Downloaded NC_H09_20251127_1910_R21_FLDK.07001_06001.nc (545MB) in 13.8s
2026-02-13 01:41:49,015 - INFO -     ✂️  Cropped to (64, 64) in 0.0s → NC_H09_20251127_1910_R21_FLDK.07001_06001.npy
2026-02-13 01:41:49,070 - INFO -     ⬆️  Uploaded .npy to S3 in 0.1s
2026-02-13 01:41:49,078 - INFO -     🗑️  Deleted raw .nc
2026-02-13 01:42:03,036 - INFO -     ⬇️  Downloaded NC_H09_20251127_1950_R21_FLDK.07001_06001.nc (560MB) in 13.9s
2026-02-13 01:42:03,052 - INFO -     ✂️  Cropped to (64, 64) in 0.0s → NC_H09_20251127_1950_R21_FLDK.07001_06001.npy
2026-02-13 01:42:03,104 - INFO -     ⬆️  Uploaded .npy to S3 in 0.1s
2026-02-13 01:42:03,110 - INFO -     🗑️  Deleted raw .nc
2026-02-13 01:42:18,509 - INFO -     ⬇️  Downloaded NC_H09_20251127_2130_R21_FLDK.07001_06001.nc (601MB) in 15.3s
2026-02-13 01:42:18,531 - INFO -     ✂️  Cropped to (64, 64) in 0.0s → NC_H09_20251127_2130_R21_FLDK.07001_06001.npy
2026-02-13 01:42:18,584 - INFO -     ⬆️  Uploaded .npy to S3 in 0.1s
2026-02-13 01:42:18,593 - INFO -     🗑️  Deleted raw .nc
2026-02-13 01:42:33,772 - INFO -     ⬇️  Downloaded NC_H09_20251127_2230_R21_FLDK.07001_06001.nc (626MB) in 15.1s
2026-02-13 01:42:33,789 - INFO -     ✂️  Cropped to (64, 64) in 0.0s → NC_H09_20251127_2230_R21_FLDK.07001_06001.npy
2026-02-13 01:42:33,834 - INFO -     ⬆️  Uploaded .npy to S3 in 0.0s
2026-02-13 01:42:33,884 - INFO -     🗑️  Deleted raw .nc
2026-02-13 01:42:54,349 - INFO -     ⬇️  Downloaded NC_H09_20251127_2240_R21_FLDK.07001_06001.nc (630MB) in 20.3s
2026-02-13 01:42:54,369 - INFO -     ✂️  Cropped to (64, 64) in 0.0s → NC_H09_20251127_2240_R21_FLDK.07001_06001.npy
2026-02-13 01:42:54,427 - INFO -     ⬆️  Uploaded .npy to S3 in 0.1s
2026-02-13 01:42:54,435 - INFO -     🗑️  Deleted raw .nc
2026-02-13 01:43:11,831 - INFO -     ⬇️  Downloaded NC_H09_20251127_2250_R21_FLDK.07001_06001.nc (634MB) in 17.3s
2026-02-13 01:43:11,865 - INFO -     ✂️  Cropped to (64, 64) in 0.0s → NC_H09_20251127_2250_R21_FLDK.07001_06001.npy
2026-02-13 01:43:11,997 - INFO -     ⬆️  Uploaded .npy to S3 in 0.1s
2026-02-13 01:43:12,014 - INFO -     🗑️  Deleted raw .nc
2026-02-13 01:43:27,858 - INFO -     ⬇️  Downloaded NC_H09_20251127_2300_R21_FLDK.07001_06001.nc (639MB) in 15.8s
2026-02-13 01:43:27,876 - INFO -     ✂️  Cropped to (64, 64) in 0.0s → NC_H09_20251127_2300_R21_FLDK.07001_06001.npy
2026-02-13 01:43:27,927 - INFO -     ⬆️  Uploaded .npy to S3 in 0.1s
2026-02-13 01:43:27,936 - INFO -     🗑️  Deleted raw .nc
2026-02-13 01:43:44,742 - INFO -     ⬇️  Downloaded NC_H09_20251127_2310_R21_FLDK.07001_06001.nc (643MB) in 16.7s
2026-02-13 01:43:44,770 - INFO -     ✂️  Cropped to (64, 64) in 0.0s → NC_H09_20251127_2310_R21_FLDK.07001_06001.npy
2026-02-13 01:43:44,831 - INFO -     ⬆️  Uploaded .npy to S3 in 0.1s
2026-02-13 01:43:44,844 - INFO -     🗑️  Deleted raw .nc
2026-02-13 01:44:05,801 - INFO -     ⬇️  Downloaded NC_H09_20251127_2320_R21_FLDK.07001_06001.nc (647MB) in 20.9s
2026-02-13 01:44:05,819 - INFO -     ✂️  Cropped to (64, 64) in 0.0s → NC_H09_20251127_2320_R21_FLDK.07001_06001.npy
2026-02-13 01:44:05,868 - INFO -     ⬆️  Uploaded .npy to S3 in 0.0s
2026-02-13 01:44:05,877 - INFO -     🗑️  Deleted raw .nc
2026-02-13 01:44:23,549 - INFO -     ⬇️  Downloaded NC_H09_20251127_2330_R21_FLDK.07001_06001.nc (651MB) in 17.6s
2026-02-13 01:44:23,569 - INFO -     ✂️  Cropped to (64, 64) in 0.0s → NC_H09_20251127_2330_R21_FLDK.07001_06001.npy
2026-02-13 01:44:23,625 - INFO -     ⬆️  Uploaded .npy to S3 in 0.1s
2026-02-13 01:44:23,634 - INFO -     🗑️  Deleted raw .nc
2026-02-13 01:44:40,729 - INFO -     ⬇️  Downloaded NC_H09_20251127_2340_R21_FLDK.07001_06001.nc (656MB) in 17.0s
2026-02-13 01:44:40,765 - INFO -     ✂️  Cropped to (64, 64) in 0.0s → NC_H09_20251127_2340_R21_FLDK.07001_06001.npy
2026-02-13 01:44:40,823 - INFO -     ⬆️  Uploaded .npy to S3 in 0.1s
2026-02-13 01:44:40,838 - INFO -     🗑️  Deleted raw .nc
2026-02-13 01:44:59,406 - INFO -     ⬇️  Downloaded NC_H09_20251127_2350_R21_FLDK.07001_06001.nc (661MB) in 18.4s
2026-02-13 01:44:59,423 - INFO -     ✂️  Cropped to (64, 64) in 0.0s → NC_H09_20251127_2350_R21_FLDK.07001_06001.npy
2026-02-13 01:44:59,473 - INFO -     ⬆️  Uploaded .npy to S3 in 0.1s
2026-02-13 01:44:59,481 - INFO -     🗑️  Deleted raw .nc
2026-02-13 01:44:59,481 - INFO -   2025-11-27: processed=53, skipped=0, time=888.8s
2026-02-13 01:44:59,481 - INFO - 
[44/48] Processing 2025-11-28 (97 slots, 716.4mm)
2026-02-13 01:45:23,469 - INFO -     ⬇️  Downloaded NC_H09_20251128_0000_R21_FLDK.07001_06001.nc (665MB) in 23.9s
2026-02-13 01:45:23,491 - INFO -     ✂️  Cropped to (64, 64) in 0.0s → NC_H09_20251128_0000_R21_FLDK.07001_06001.npy
2026-02-13 01:45:23,637 - INFO -     ⬆️  Uploaded .npy to S3 in 0.1s
2026-02-13 01:45:23,652 - INFO -     🗑️  Deleted raw .nc
2026-02-13 01:45:40,951 - INFO -     ⬇️  Downloaded NC_H09_20251128_0010_R21_FLDK.07001_06001.nc (669MB) in 17.2s
2026-02-13 01:45:40,988 - INFO -     ✂️  Cropped to (64, 64) in 0.0s → NC_H09_20251128_0010_R21_FLDK.07001_06001.npy
2026-02-13 01:45:41,069 - INFO -     ⬆️  Uploaded .npy to S3 in 0.1s
2026-02-13 01:45:41,083 - INFO -     🗑️  Deleted raw .nc
2026-02-13 01:45:58,642 - INFO -     ⬇️  Downloaded NC_H09_20251128_0020_R21_FLDK.07001_06001.nc (673MB) in 17.5s
2026-02-13 01:45:58,659 - INFO -     ✂️  Cropped to (64, 64) in 0.0s → NC_H09_20251128_0020_R21_FLDK.07001_06001.npy
2026-02-13 01:45:58,749 - INFO -     ⬆️  Uploaded .npy to S3 in 0.1s
2026-02-13 01:45:58,758 - INFO -     🗑️  Deleted raw .nc
2026-02-13 01:46:17,206 - INFO -     ⬇️  Downloaded NC_H09_20251128_0030_R21_FLDK.07001_06001.nc (676MB) in 18.4s
2026-02-13 01:46:17,236 - INFO -     ✂️  Cropped to (64, 64) in 0.0s → NC_H09_20251128_0030_R21_FLDK.07001_06001.npy
2026-02-13 01:46:17,311 - INFO -     ⬆️  Uploaded .npy to S3 in 0.1s
2026-02-13 01:46:17,320 - INFO -     🗑️  Deleted raw .nc
2026-02-13 01:46:40,645 - INFO -     ⬇️  Downloaded NC_H09_20251128_0040_R21_FLDK.07001_06001.nc (678MB) in 23.2s
2026-02-13 01:46:40,673 - INFO -     ✂️  Cropped to (64, 64) in 0.0s → NC_H09_20251128_0040_R21_FLDK.07001_06001.npy
2026-02-13 01:46:41,756 - INFO -     ⬆️  Uploaded .npy to S3 in 1.1s
2026-02-13 01:46:41,769 - INFO -     🗑️  Deleted raw .nc
2026-02-13 01:47:00,065 - INFO -     ⬇️  Downloaded NC_H09_20251128_0050_R21_FLDK.07001_06001.nc (681MB) in 18.2s
2026-02-13 01:47:00,082 - INFO -     ✂️  Cropped to (64, 64) in 0.0s → NC_H09_20251128_0050_R21_FLDK.07001_06001.npy
2026-02-13 01:47:00,246 - INFO -     ⬆️  Uploaded .npy to S3 in 0.2s
2026-02-13 01:47:00,258 - INFO -     🗑️  Deleted raw .nc
2026-02-13 01:47:19,562 - INFO -     ⬇️  Downloaded NC_H09_20251128_0100_R21_FLDK.07001_06001.nc (683MB) in 19.2s
2026-02-13 01:47:19,585 - INFO -     ✂️  Cropped to (64, 64) in 0.0s → NC_H09_20251128_0100_R21_FLDK.07001_06001.npy
2026-02-13 01:47:19,705 - INFO -     ⬆️  Uploaded .npy to S3 in 0.1s
2026-02-13 01:47:19,718 - INFO -     🗑️  Deleted raw .nc
2026-02-13 01:47:38,093 - INFO -     ⬇️  Downloaded NC_H09_20251128_0140_R21_FLDK.07001_06001.nc (689MB) in 18.3s
2026-02-13 01:47:38,111 - INFO -     ✂️  Cropped to (64, 64) in 0.0s → NC_H09_20251128_0140_R21_FLDK.07001_06001.npy
2026-02-13 01:47:38,217 - INFO -     ⬆️  Uploaded .npy to S3 in 0.1s
2026-02-13 01:47:38,227 - INFO -     🗑️  Deleted raw .nc
2026-02-13 01:48:00,897 - INFO -     ⬇️  Downloaded NC_H09_20251128_0300_R21_FLDK.07001_06001.nc (690MB) in 22.6s
2026-02-13 01:48:00,915 - INFO -     ✂️  Cropped to (64, 64) in 0.0s → NC_H09_20251128_0300_R21_FLDK.07001_06001.npy
2026-02-13 01:48:00,977 - INFO -     ⬆️  Uploaded .npy to S3 in 0.1s
2026-02-13 01:48:00,986 - INFO -     🗑️  Deleted raw .nc
2026-02-13 01:48:20,489 - INFO -     ⬇️  Downloaded NC_H09_20251128_0350_R21_FLDK.07001_06001.nc (685MB) in 19.4s
2026-02-13 01:48:20,509 - INFO -     ✂️  Cropped to (64, 64) in 0.0s → NC_H09_20251128_0350_R21_FLDK.07001_06001.npy
2026-02-13 01:48:20,562 - INFO -     ⬆️  Uploaded .npy to S3 in 0.1s
2026-02-13 01:48:20,571 - INFO -     🗑️  Deleted raw .nc
2026-02-13 01:48:37,861 - INFO -     ⬇️  Downloaded NC_H09_20251128_0400_R21_FLDK.07001_06001.nc (682MB) in 17.2s
2026-02-13 01:48:37,880 - INFO -     ✂️  Cropped to (64, 64) in 0.0s → NC_H09_20251128_0400_R21_FLDK.07001_06001.npy
2026-02-13 01:48:38,006 - INFO -     ⬆️  Uploaded .npy to S3 in 0.1s
2026-02-13 01:48:38,016 - INFO -     🗑️  Deleted raw .nc
2026-02-13 01:48:54,957 - INFO -     ⬇️  Downloaded NC_H09_20251128_0410_R21_FLDK.07001_06001.nc (679MB) in 16.8s
2026-02-13 01:48:54,974 - INFO -     ✂️  Cropped to (64, 64) in 0.0s → NC_H09_20251128_0410_R21_FLDK.07001_06001.npy
2026-02-13 01:48:55,036 - INFO -     ⬆️  Uploaded .npy to S3 in 0.1s
2026-02-13 01:48:55,046 - INFO -     🗑️  Deleted raw .nc
2026-02-13 01:49:16,590 - INFO -     ⬇️  Downloaded NC_H09_20251128_0420_R21_FLDK.07001_06001.nc (676MB) in 21.4s
2026-02-13 01:49:16,619 - INFO -     ✂️  Cropped to (64, 64) in 0.0s → NC_H09_20251128_0420_R21_FLDK.07001_06001.npy
2026-02-13 01:49:16,671 - INFO -     ⬆️  Uploaded .npy to S3 in 0.1s
2026-02-13 01:49:16,681 - INFO -     🗑️  Deleted raw .nc
2026-02-13 01:49:32,988 - INFO -     ⬇️  Downloaded NC_H09_20251128_0430_R21_FLDK.07001_06001.nc (673MB) in 16.2s
2026-02-13 01:49:33,006 - INFO -     ✂️  Cropped to (64, 64) in 0.0s → NC_H09_20251128_0430_R21_FLDK.07001_06001.npy
2026-02-13 01:49:33,081 - INFO -     ⬆️  Uploaded .npy to S3 in 0.1s
2026-02-13 01:49:33,087 - INFO -     🗑️  Deleted raw .nc
2026-02-13 01:49:50,404 - INFO -     ⬇️  Downloaded NC_H09_20251128_0440_R21_FLDK.07001_06001.nc (669MB) in 17.2s
2026-02-13 01:49:50,424 - INFO -     ✂️  Cropped to (64, 64) in 0.0s → NC_H09_20251128_0440_R21_FLDK.07001_06001.npy
2026-02-13 01:49:50,478 - INFO -     ⬆️  Uploaded .npy to S3 in 0.1s
2026-02-13 01:49:50,491 - INFO -     🗑️  Deleted raw .nc
2026-02-13 01:50:08,281 - INFO -     ⬇️  Downloaded NC_H09_20251128_0450_R21_FLDK.07001_06001.nc (665MB) in 17.7s
2026-02-13 01:50:08,298 - INFO -     ✂️  Cropped to (64, 64) in 0.0s → NC_H09_20251128_0450_R21_FLDK.07001_06001.npy
2026-02-13 01:50:08,376 - INFO -     ⬆️  Uploaded .npy to S3 in 0.1s
2026-02-13 01:50:08,386 - INFO -     🗑️  Deleted raw .nc
2026-02-13 01:50:30,702 - INFO -     ⬇️  Downloaded NC_H09_20251128_0500_R21_FLDK.07001_06001.nc (661MB) in 22.2s
2026-02-13 01:50:30,719 - INFO -     ✂️  Cropped to (64, 64) in 0.0s → NC_H09_20251128_0500_R21_FLDK.07001_06001.npy
2026-02-13 01:50:30,773 - INFO -     ⬆️  Uploaded .npy to S3 in 0.1s
2026-02-13 01:50:30,781 - INFO -     🗑️  Deleted raw .nc
2026-02-13 01:50:48,023 - INFO -     ⬇️  Downloaded NC_H09_20251128_0520_R21_FLDK.07001_06001.nc (652MB) in 17.1s
2026-02-13 01:50:48,046 - INFO -     ✂️  Cropped to (64, 64) in 0.0s → NC_H09_20251128_0520_R21_FLDK.07001_06001.npy
2026-02-13 01:50:48,111 - INFO -     ⬆️  Uploaded .npy to S3 in 0.1s
2026-02-13 01:50:48,123 - INFO -     🗑️  Deleted raw .nc
2026-02-13 01:51:04,867 - INFO -     ⬇️  Downloaded NC_H09_20251128_0600_R21_FLDK.07001_06001.nc (634MB) in 16.5s
2026-02-13 01:51:04,884 - INFO -     ✂️  Cropped to (64, 64) in 0.0s → NC_H09_20251128_0600_R21_FLDK.07001_06001.npy
2026-02-13 01:51:04,937 - INFO -     ⬆️  Uploaded .npy to S3 in 0.1s
2026-02-13 01:51:04,945 - INFO -     🗑️  Deleted raw .nc
2026-02-13 01:51:20,296 - INFO -     ⬇️  Downloaded NC_H09_20251128_1730_R21_FLDK.07001_06001.nc (498MB) in 13.1s
2026-02-13 01:51:20,393 - ERROR - Error processing /Users/jinhui/development/tools/claude-skill/model-tuned/raw-data/NC_H09_20251128_1730_R21_FLDK.07001_06001.nc: [Errno -101] NetCDF: HDF error: '/Users/jinhui/development/tools/claude-skill/model-tuned/raw-data/NC_H09_20251128_1730_R21_FLDK.07001_06001.nc'
2026-02-13 01:51:20,393 - WARNING -     ⚠️  Crop failed for NC_H09_20251128_1730_R21_FLDK.07001_06001.nc (0.1s)
2026-02-13 01:51:20,402 - INFO -     🗑️  Deleted raw .nc
2026-02-13 01:51:27,543 - INFO -     ⬇️  Downloaded NC_H09_20251128_1740_R21_FLDK.07001_06001.nc (286MB) in 7.1s
2026-02-13 01:51:27,556 - ERROR - Error processing /Users/jinhui/development/tools/claude-skill/model-tuned/raw-data/NC_H09_20251128_1740_R21_FLDK.07001_06001.nc: [Errno -101] NetCDF: HDF error: '/Users/jinhui/development/tools/claude-skill/model-tuned/raw-data/NC_H09_20251128_1740_R21_FLDK.07001_06001.nc'
2026-02-13 01:51:27,556 - WARNING -     ⚠️  Crop failed for NC_H09_20251128_1740_R21_FLDK.07001_06001.nc (0.0s)
2026-02-13 01:51:27,559 - INFO -     🗑️  Deleted raw .nc
2026-02-13 01:51:30,389 - INFO -   2025-11-28: processed=19, skipped=75, time=390.9s
2026-02-13 01:51:30,390 - INFO - 
[45/48] Processing 2025-11-29 (48 slots, 26.6mm)
2026-02-13 01:51:50,466 - INFO -     ⬇️  Downloaded NC_H09_20251129_0030_R21_FLDK.07001_06001.nc (673MB) in 20.0s
2026-02-13 01:51:50,486 - INFO -     ✂️  Cropped to (64, 64) in 0.0s → NC_H09_20251129_0030_R21_FLDK.07001_06001.npy
2026-02-13 01:51:50,546 - INFO -     ⬆️  Uploaded .npy to S3 in 0.1s
2026-02-13 01:51:50,557 - INFO -     🗑️  Deleted raw .nc
2026-02-13 01:52:06,835 - INFO -     ⬇️  Downloaded NC_H09_20251129_0040_R21_FLDK.07001_06001.nc (676MB) in 16.2s
2026-02-13 01:52:06,851 - INFO -     ✂️  Cropped to (64, 64) in 0.0s → NC_H09_20251129_0040_R21_FLDK.07001_06001.npy
2026-02-13 01:52:06,904 - INFO -     ⬆️  Uploaded .npy to S3 in 0.1s
2026-02-13 01:52:06,913 - INFO -     🗑️  Deleted raw .nc
2026-02-13 01:52:24,267 - INFO -     ⬇️  Downloaded NC_H09_20251129_0050_R21_FLDK.07001_06001.nc (678MB) in 17.3s
2026-02-13 01:52:24,283 - INFO -     ✂️  Cropped to (64, 64) in 0.0s → NC_H09_20251129_0050_R21_FLDK.07001_06001.npy
2026-02-13 01:52:24,337 - INFO -     ⬆️  Uploaded .npy to S3 in 0.1s
2026-02-13 01:52:24,345 - INFO -     🗑️  Deleted raw .nc
2026-02-13 01:52:42,638 - INFO -     ⬇️  Downloaded NC_H09_20251129_0100_R21_FLDK.07001_06001.nc (681MB) in 18.2s
2026-02-13 01:52:42,667 - INFO -     ✂️  Cropped to (64, 64) in 0.0s → NC_H09_20251129_0100_R21_FLDK.07001_06001.npy
2026-02-13 01:52:42,802 - INFO -     ⬆️  Uploaded .npy to S3 in 0.1s
2026-02-13 01:52:42,821 - INFO -     🗑️  Deleted raw .nc
2026-02-13 01:53:06,018 - INFO -     ⬇️  Downloaded NC_H09_20251129_0110_R21_FLDK.07001_06001.nc (682MB) in 23.1s
2026-02-13 01:53:06,034 - INFO -     ✂️  Cropped to (64, 64) in 0.0s → NC_H09_20251129_0110_R21_FLDK.07001_06001.npy
2026-02-13 01:53:06,097 - INFO -     ⬆️  Uploaded .npy to S3 in 0.1s
2026-02-13 01:53:06,105 - INFO -     🗑️  Deleted raw .nc
2026-02-13 01:53:23,517 - INFO -     ⬇️  Downloaded NC_H09_20251129_0120_R21_FLDK.07001_06001.nc (684MB) in 17.3s
2026-02-13 01:53:23,534 - INFO -     ✂️  Cropped to (64, 64) in 0.0s → NC_H09_20251129_0120_R21_FLDK.07001_06001.npy
2026-02-13 01:53:23,590 - INFO -     ⬆️  Uploaded .npy to S3 in 0.1s
2026-02-13 01:53:23,600 - INFO -     🗑️  Deleted raw .nc
2026-02-13 01:53:40,376 - INFO -     ⬇️  Downloaded NC_H09_20251129_0130_R21_FLDK.07001_06001.nc (686MB) in 16.7s
2026-02-13 01:53:40,559 - INFO -     ✂️  Cropped to (64, 64) in 0.2s → NC_H09_20251129_0130_R21_FLDK.07001_06001.npy
2026-02-13 01:53:40,610 - INFO -     ⬆️  Uploaded .npy to S3 in 0.1s
2026-02-13 01:53:40,670 - INFO -     🗑️  Deleted raw .nc
2026-02-13 01:53:58,004 - INFO -     ⬇️  Downloaded NC_H09_20251129_0140_R21_FLDK.07001_06001.nc (687MB) in 17.2s
2026-02-13 01:53:58,021 - INFO -     ✂️  Cropped to (64, 64) in 0.0s → NC_H09_20251129_0140_R21_FLDK.07001_06001.npy
2026-02-13 01:53:58,070 - INFO -     ⬆️  Uploaded .npy to S3 in 0.0s
2026-02-13 01:53:58,078 - INFO -     🗑️  Deleted raw .nc
2026-02-13 01:54:20,486 - INFO -     ⬇️  Downloaded NC_H09_20251129_0150_R21_FLDK.07001_06001.nc (688MB) in 22.3s
2026-02-13 01:54:20,509 - INFO -     ✂️  Cropped to (64, 64) in 0.0s → NC_H09_20251129_0150_R21_FLDK.07001_06001.npy
2026-02-13 01:54:20,567 - INFO -     ⬆️  Uploaded .npy to S3 in 0.1s
2026-02-13 01:54:20,582 - INFO -     🗑️  Deleted raw .nc
2026-02-13 01:54:36,051 - INFO -     ⬇️  Downloaded NC_H09_20251129_0530_R21_FLDK.07001_06001.nc (645MB) in 15.3s
2026-02-13 01:54:36,069 - INFO -     ✂️  Cropped to (64, 64) in 0.0s → NC_H09_20251129_0530_R21_FLDK.07001_06001.npy
2026-02-13 01:54:36,120 - INFO -     ⬆️  Uploaded .npy to S3 in 0.1s
2026-02-13 01:54:36,128 - INFO -     🗑️  Deleted raw .nc
2026-02-13 01:54:51,220 - INFO -     ⬇️  Downloaded NC_H09_20251129_0540_R21_FLDK.07001_06001.nc (641MB) in 15.0s
2026-02-13 01:54:51,238 - INFO -     ✂️  Cropped to (64, 64) in 0.0s → NC_H09_20251129_0540_R21_FLDK.07001_06001.npy
2026-02-13 01:54:51,302 - INFO -     ⬆️  Uploaded .npy to S3 in 0.1s
2026-02-13 01:54:51,312 - INFO -     🗑️  Deleted raw .nc
2026-02-13 01:55:07,107 - INFO -     ⬇️  Downloaded NC_H09_20251129_0600_R21_FLDK.07001_06001.nc (632MB) in 15.7s
2026-02-13 01:55:07,123 - INFO -     ✂️  Cropped to (64, 64) in 0.0s → NC_H09_20251129_0600_R21_FLDK.07001_06001.npy
2026-02-13 01:55:07,176 - INFO -     ⬆️  Uploaded .npy to S3 in 0.1s
2026-02-13 01:55:07,183 - INFO -     🗑️  Deleted raw .nc
2026-02-13 01:55:25,934 - INFO -     ⬇️  Downloaded NC_H09_20251129_0620_R21_FLDK.07001_06001.nc (623MB) in 18.6s
2026-02-13 01:55:25,951 - INFO -     ✂️  Cropped to (64, 64) in 0.0s → NC_H09_20251129_0620_R21_FLDK.07001_06001.npy
2026-02-13 01:55:26,014 - INFO -     ⬆️  Uploaded .npy to S3 in 0.1s
2026-02-13 01:55:26,023 - INFO -     🗑️  Deleted raw .nc
2026-02-13 01:55:43,261 - INFO -     ⬇️  Downloaded NC_H09_20251129_0630_R21_FLDK.07001_06001.nc (618MB) in 17.1s
2026-02-13 01:55:43,287 - INFO -     ✂️  Cropped to (64, 64) in 0.0s → NC_H09_20251129_0630_R21_FLDK.07001_06001.npy
2026-02-13 01:55:43,338 - INFO -     ⬆️  Uploaded .npy to S3 in 0.1s
2026-02-13 01:55:43,355 - INFO -     🗑️  Deleted raw .nc
2026-02-13 01:55:58,541 - INFO -     ⬇️  Downloaded NC_H09_20251129_0650_R21_FLDK.07001_06001.nc (609MB) in 15.1s
2026-02-13 01:55:58,558 - INFO -     ✂️  Cropped to (64, 64) in 0.0s → NC_H09_20251129_0650_R21_FLDK.07001_06001.npy
2026-02-13 01:55:58,621 - INFO -     ⬆️  Uploaded .npy to S3 in 0.1s
2026-02-13 01:55:58,629 - INFO -     🗑️  Deleted raw .nc
2026-02-13 01:56:14,041 - INFO -     ⬇️  Downloaded NC_H09_20251129_0730_R21_FLDK.07001_06001.nc (591MB) in 15.3s
2026-02-13 01:56:14,076 - INFO -     ✂️  Cropped to (64, 64) in 0.0s → NC_H09_20251129_0730_R21_FLDK.07001_06001.npy
2026-02-13 01:56:14,131 - INFO -     ⬆️  Uploaded .npy to S3 in 0.1s
2026-02-13 01:56:14,138 - INFO -     🗑️  Deleted raw .nc
2026-02-13 01:56:29,239 - INFO -     ⬇️  Downloaded NC_H09_20251129_0750_R21_FLDK.07001_06001.nc (582MB) in 15.0s
2026-02-13 01:56:29,256 - INFO -     ✂️  Cropped to (64, 64) in 0.0s → NC_H09_20251129_0750_R21_FLDK.07001_06001.npy
2026-02-13 01:56:29,342 - INFO -     ⬆️  Uploaded .npy to S3 in 0.1s
2026-02-13 01:56:29,390 - INFO -     🗑️  Deleted raw .nc
2026-02-13 01:56:47,598 - INFO -     ⬇️  Downloaded NC_H09_20251129_0800_R21_FLDK.07001_06001.nc (578MB) in 18.1s
2026-02-13 01:56:47,622 - INFO -     ✂️  Cropped to (64, 64) in 0.0s → NC_H09_20251129_0800_R21_FLDK.07001_06001.npy
2026-02-13 01:56:47,759 - INFO -     ⬆️  Uploaded .npy to S3 in 0.1s
2026-02-13 01:56:47,773 - INFO -     🗑️  Deleted raw .nc
2026-02-13 01:57:02,962 - INFO -     ⬇️  Downloaded NC_H09_20251129_0810_R21_FLDK.07001_06001.nc (573MB) in 15.1s
2026-02-13 01:57:02,981 - INFO -     ✂️  Cropped to (64, 64) in 0.0s → NC_H09_20251129_0810_R21_FLDK.07001_06001.npy
2026-02-13 01:57:03,042 - INFO -     ⬆️  Uploaded .npy to S3 in 0.1s
2026-02-13 01:57:03,052 - INFO -     🗑️  Deleted raw .nc
2026-02-13 01:57:17,510 - INFO -     ⬇️  Downloaded NC_H09_20251129_0840_R21_FLDK.07001_06001.nc (560MB) in 14.4s
2026-02-13 01:57:17,535 - INFO -     ✂️  Cropped to (64, 64) in 0.0s → NC_H09_20251129_0840_R21_FLDK.07001_06001.npy
2026-02-13 01:57:17,586 - INFO -     ⬆️  Uploaded .npy to S3 in 0.1s
2026-02-13 01:57:17,593 - INFO -     🗑️  Deleted raw .nc
2026-02-13 01:57:31,272 - INFO -     ⬇️  Downloaded NC_H09_20251129_0850_R21_FLDK.07001_06001.nc (555MB) in 13.6s
2026-02-13 01:57:31,289 - INFO -     ✂️  Cropped to (64, 64) in 0.0s → NC_H09_20251129_0850_R21_FLDK.07001_06001.npy
2026-02-13 01:57:31,347 - INFO -     ⬆️  Uploaded .npy to S3 in 0.1s
2026-02-13 01:57:31,353 - INFO -     🗑️  Deleted raw .nc
2026-02-13 01:57:44,723 - INFO -     ⬇️  Downloaded NC_H09_20251129_0900_R21_FLDK.07001_06001.nc (551MB) in 13.3s
2026-02-13 01:57:44,748 - INFO -     ✂️  Cropped to (64, 64) in 0.0s → NC_H09_20251129_0900_R21_FLDK.07001_06001.npy
2026-02-13 01:57:44,855 - INFO -     ⬆️  Uploaded .npy to S3 in 0.1s
2026-02-13 01:57:44,964 - INFO -     🗑️  Deleted raw .nc
2026-02-13 01:58:01,510 - INFO -     ⬇️  Downloaded NC_H09_20251129_0910_R21_FLDK.07001_06001.nc (547MB) in 16.4s
2026-02-13 01:58:01,527 - INFO -     ✂️  Cropped to (64, 64) in 0.0s → NC_H09_20251129_0910_R21_FLDK.07001_06001.npy
2026-02-13 01:58:01,578 - INFO -     ⬆️  Uploaded .npy to S3 in 0.1s
2026-02-13 01:58:01,584 - INFO -     🗑️  Deleted raw .nc
2026-02-13 01:58:16,548 - INFO -     ⬇️  Downloaded NC_H09_20251129_0950_R21_FLDK.07001_06001.nc (531MB) in 14.9s
2026-02-13 01:58:16,576 - INFO -     ✂️  Cropped to (64, 64) in 0.0s → NC_H09_20251129_0950_R21_FLDK.07001_06001.npy
2026-02-13 01:58:17,651 - INFO -     ⬆️  Uploaded .npy to S3 in 1.1s
2026-02-13 01:58:17,662 - INFO -     🗑️  Deleted raw .nc
2026-02-13 01:58:28,079 - INFO -     ⬇️  Downloaded NC_H09_20251129_1550_R21_FLDK.07001_06001.nc (457MB) in 10.3s
2026-02-13 01:58:28,099 - INFO -     ✂️  Cropped to (64, 64) in 0.0s → NC_H09_20251129_1550_R21_FLDK.07001_06001.npy
2026-02-13 01:58:28,154 - INFO -     ⬆️  Uploaded .npy to S3 in 0.1s
2026-02-13 01:58:28,160 - INFO -     🗑️  Deleted raw .nc
2026-02-13 01:58:39,497 - INFO -     ⬇️  Downloaded NC_H09_20251129_1600_R21_FLDK.07001_06001.nc (461MB) in 11.3s
2026-02-13 01:58:39,514 - INFO -     ✂️  Cropped to (64, 64) in 0.0s → NC_H09_20251129_1600_R21_FLDK.07001_06001.npy
2026-02-13 01:58:39,564 - INFO -     ⬆️  Uploaded .npy to S3 in 0.0s
2026-02-13 01:58:39,572 - INFO -     🗑️  Deleted raw .nc
2026-02-13 01:58:50,814 - INFO -     ⬇️  Downloaded NC_H09_20251129_1620_R21_FLDK.07001_06001.nc (469MB) in 11.1s
2026-02-13 01:58:50,832 - INFO -     ✂️  Cropped to (64, 64) in 0.0s → NC_H09_20251129_1620_R21_FLDK.07001_06001.npy
2026-02-13 01:58:50,885 - INFO -     ⬆️  Uploaded .npy to S3 in 0.1s
2026-02-13 01:58:50,891 - INFO -     🗑️  Deleted raw .nc
2026-02-13 01:59:01,877 - INFO -     ⬇️  Downloaded NC_H09_20251129_1630_R21_FLDK.07001_06001.nc (473MB) in 10.8s
2026-02-13 01:59:01,895 - INFO -     ✂️  Cropped to (64, 64) in 0.0s → NC_H09_20251129_1630_R21_FLDK.07001_06001.npy
2026-02-13 01:59:01,953 - INFO -     ⬆️  Uploaded .npy to S3 in 0.1s
2026-02-13 01:59:01,959 - INFO -     🗑️  Deleted raw .nc
2026-02-13 01:59:16,424 - INFO -     ⬇️  Downloaded NC_H09_20251129_1640_R21_FLDK.07001_06001.nc (477MB) in 14.4s
2026-02-13 01:59:16,445 - INFO -     ✂️  Cropped to (64, 64) in 0.0s → NC_H09_20251129_1640_R21_FLDK.07001_06001.npy
2026-02-13 01:59:16,542 - INFO -     ⬆️  Uploaded .npy to S3 in 0.1s
2026-02-13 01:59:16,550 - INFO -     🗑️  Deleted raw .nc
2026-02-13 01:59:29,553 - INFO -     ⬇️  Downloaded NC_H09_20251129_1700_R21_FLDK.07001_06001.nc (487MB) in 12.9s
2026-02-13 01:59:29,571 - INFO -     ✂️  Cropped to (64, 64) in 0.0s → NC_H09_20251129_1700_R21_FLDK.07001_06001.npy
2026-02-13 01:59:29,713 - INFO -     ⬆️  Uploaded .npy to S3 in 0.1s
2026-02-13 01:59:29,722 - INFO -     🗑️  Deleted raw .nc
2026-02-13 01:59:41,580 - INFO -     ⬇️  Downloaded NC_H09_20251129_1710_R21_FLDK.07001_06001.nc (492MB) in 11.8s
2026-02-13 01:59:41,611 - INFO -     ✂️  Cropped to (64, 64) in 0.0s → NC_H09_20251129_1710_R21_FLDK.07001_06001.npy
2026-02-13 01:59:41,684 - INFO -     ⬆️  Uploaded .npy to S3 in 0.1s
2026-02-13 01:59:41,696 - INFO -     🗑️  Deleted raw .nc
2026-02-13 01:59:53,124 - INFO -     ⬇️  Downloaded NC_H09_20251129_1730_R21_FLDK.07001_06001.nc (501MB) in 11.3s
2026-02-13 01:59:53,142 - INFO -     ✂️  Cropped to (64, 64) in 0.0s → NC_H09_20251129_1730_R21_FLDK.07001_06001.npy
2026-02-13 01:59:53,194 - INFO -     ⬆️  Uploaded .npy to S3 in 0.1s
2026-02-13 01:59:53,200 - INFO -     🗑️  Deleted raw .nc
2026-02-13 02:00:05,561 - INFO -     ⬇️  Downloaded NC_H09_20251129_1740_R21_FLDK.07001_06001.nc (505MB) in 12.3s
2026-02-13 02:00:05,579 - INFO -     ✂️  Cropped to (64, 64) in 0.0s → NC_H09_20251129_1740_R21_FLDK.07001_06001.npy
2026-02-13 02:00:05,642 - INFO -     ⬆️  Uploaded .npy to S3 in 0.1s
2026-02-13 02:00:05,649 - INFO -     🗑️  Deleted raw .nc
2026-02-13 02:00:18,741 - INFO -     ⬇️  Downloaded NC_H09_20251129_1750_R21_FLDK.07001_06001.nc (509MB) in 13.0s
2026-02-13 02:00:18,763 - INFO -     ✂️  Cropped to (64, 64) in 0.0s → NC_H09_20251129_1750_R21_FLDK.07001_06001.npy
2026-02-13 02:00:18,812 - INFO -     ⬆️  Uploaded .npy to S3 in 0.0s
2026-02-13 02:00:18,820 - INFO -     🗑️  Deleted raw .nc
2026-02-13 02:00:34,671 - INFO -     ⬇️  Downloaded NC_H09_20251129_1800_R21_FLDK.07001_06001.nc (513MB) in 15.8s
2026-02-13 02:00:34,691 - INFO -     ✂️  Cropped to (64, 64) in 0.0s → NC_H09_20251129_1800_R21_FLDK.07001_06001.npy
2026-02-13 02:00:34,744 - INFO -     ⬆️  Uploaded .npy to S3 in 0.1s
2026-02-13 02:00:34,794 - INFO -     🗑️  Deleted raw .nc
2026-02-13 02:00:49,476 - INFO -     ⬇️  Downloaded NC_H09_20251129_1820_R21_FLDK.07001_06001.nc (522MB) in 14.5s
2026-02-13 02:00:49,495 - INFO -     ✂️  Cropped to (64, 64) in 0.0s → NC_H09_20251129_1820_R21_FLDK.07001_06001.npy
2026-02-13 02:00:49,557 - INFO -     ⬆️  Uploaded .npy to S3 in 0.1s
2026-02-13 02:00:49,564 - INFO -     🗑️  Deleted raw .nc
2026-02-13 02:01:02,090 - INFO -     ⬇️  Downloaded NC_H09_20251129_1830_R21_FLDK.07001_06001.nc (526MB) in 12.4s
2026-02-13 02:01:02,108 - INFO -     ✂️  Cropped to (64, 64) in 0.0s → NC_H09_20251129_1830_R21_FLDK.07001_06001.npy
2026-02-13 02:01:02,165 - INFO -     ⬆️  Uploaded .npy to S3 in 0.1s
2026-02-13 02:01:02,172 - INFO -     🗑️  Deleted raw .nc
2026-02-13 02:01:16,278 - INFO -     ⬇️  Downloaded NC_H09_20251129_1840_R21_FLDK.07001_06001.nc (530MB) in 14.0s
2026-02-13 02:01:16,306 - INFO -     ✂️  Cropped to (64, 64) in 0.0s → NC_H09_20251129_1840_R21_FLDK.07001_06001.npy
2026-02-13 02:01:16,355 - INFO -     ⬆️  Uploaded .npy to S3 in 0.0s
2026-02-13 02:01:16,364 - INFO -     🗑️  Deleted raw .nc
2026-02-13 02:01:29,007 - INFO -     ⬇️  Downloaded NC_H09_20251129_1850_R21_FLDK.07001_06001.nc (534MB) in 12.6s
2026-02-13 02:01:29,025 - INFO -     ✂️  Cropped to (64, 64) in 0.0s → NC_H09_20251129_1850_R21_FLDK.07001_06001.npy
2026-02-13 02:01:29,079 - INFO -     ⬆️  Uploaded .npy to S3 in 0.1s
2026-02-13 02:01:29,086 - INFO -     🗑️  Deleted raw .nc
2026-02-13 02:01:43,303 - INFO -     ⬇️  Downloaded NC_H09_20251129_1930_R21_FLDK.07001_06001.nc (549MB) in 14.1s
2026-02-13 02:01:43,335 - INFO -     ✂️  Cropped to (64, 64) in 0.0s → NC_H09_20251129_1930_R21_FLDK.07001_06001.npy
2026-02-13 02:01:43,390 - INFO -     ⬆️  Uploaded .npy to S3 in 0.1s
2026-02-13 02:01:43,402 - INFO -     🗑️  Deleted raw .nc
2026-02-13 02:02:01,347 - INFO -     ⬇️  Downloaded NC_H09_20251129_2110_R21_FLDK.07001_06001.nc (595MB) in 17.8s
2026-02-13 02:02:01,365 - INFO -     ✂️  Cropped to (64, 64) in 0.0s → NC_H09_20251129_2110_R21_FLDK.07001_06001.npy
2026-02-13 02:02:01,418 - INFO -     ⬆️  Uploaded .npy to S3 in 0.1s
2026-02-13 02:02:01,426 - INFO -     🗑️  Deleted raw .nc
2026-02-13 02:02:16,351 - INFO -     ⬇️  Downloaded NC_H09_20251129_2220_R21_FLDK.07001_06001.nc (617MB) in 14.8s
2026-02-13 02:02:16,373 - INFO -     ✂️  Cropped to (64, 64) in 0.0s → NC_H09_20251129_2220_R21_FLDK.07001_06001.npy
2026-02-13 02:02:16,536 - INFO -     ⬆️  Uploaded .npy to S3 in 0.2s
2026-02-13 02:02:16,546 - INFO -     🗑️  Deleted raw .nc
2026-02-13 02:02:31,857 - INFO -     ⬇️  Downloaded NC_H09_20251129_2230_R21_FLDK.07001_06001.nc (627MB) in 15.2s
2026-02-13 02:02:31,874 - INFO -     ✂️  Cropped to (64, 64) in 0.0s → NC_H09_20251129_2230_R21_FLDK.07001_06001.npy
2026-02-13 02:02:31,925 - INFO -     ⬆️  Uploaded .npy to S3 in 0.1s
2026-02-13 02:02:31,932 - INFO -     🗑️  Deleted raw .nc
2026-02-13 02:02:47,702 - INFO -     ⬇️  Downloaded NC_H09_20251129_2240_R21_FLDK.07001_06001.nc (631MB) in 15.7s
2026-02-13 02:02:47,725 - INFO -     ✂️  Cropped to (64, 64) in 0.0s → NC_H09_20251129_2240_R21_FLDK.07001_06001.npy
2026-02-13 02:02:47,779 - INFO -     ⬆️  Uploaded .npy to S3 in 0.1s
2026-02-13 02:02:47,792 - INFO -     🗑️  Deleted raw .nc
2026-02-13 02:03:06,842 - INFO -     ⬇️  Downloaded NC_H09_20251129_2250_R21_FLDK.07001_06001.nc (631MB) in 19.0s
2026-02-13 02:03:06,859 - INFO -     ✂️  Cropped to (64, 64) in 0.0s → NC_H09_20251129_2250_R21_FLDK.07001_06001.npy
2026-02-13 02:03:06,912 - INFO -     ⬆️  Uploaded .npy to S3 in 0.1s
2026-02-13 02:03:06,920 - INFO -     🗑️  Deleted raw .nc
2026-02-13 02:03:26,062 - INFO -     ⬇️  Downloaded NC_H09_20251129_2310_R21_FLDK.07001_06001.nc (639MB) in 19.0s
2026-02-13 02:03:26,080 - INFO -     ✂️  Cropped to (64, 64) in 0.0s → NC_H09_20251129_2310_R21_FLDK.07001_06001.npy
2026-02-13 02:03:26,140 - INFO -     ⬆️  Uploaded .npy to S3 in 0.1s
2026-02-13 02:03:26,150 - INFO -     🗑️  Deleted raw .nc
2026-02-13 02:03:43,226 - INFO -     ⬇️  Downloaded NC_H09_20251129_2320_R21_FLDK.07001_06001.nc (644MB) in 17.0s
2026-02-13 02:03:43,256 - INFO -     ✂️  Cropped to (64, 64) in 0.0s → NC_H09_20251129_2320_R21_FLDK.07001_06001.npy
2026-02-13 02:03:43,311 - INFO -     ⬆️  Uploaded .npy to S3 in 0.1s
2026-02-13 02:03:43,324 - INFO -     🗑️  Deleted raw .nc
2026-02-13 02:03:43,324 - INFO -   2025-11-29: processed=47, skipped=0, time=732.9s
2026-02-13 02:03:43,328 - INFO - 
[46/48] Processing 2026-01-03 (6 slots, 1.2mm)
2026-02-13 02:03:59,796 - INFO -     ⬇️  Downloaded NC_H09_20260103_0320_R21_FLDK.07001_06001.nc (683MB) in 16.4s
2026-02-13 02:03:59,812 - INFO -     ✂️  Cropped to (64, 64) in 0.0s → NC_H09_20260103_0320_R21_FLDK.07001_06001.npy
2026-02-13 02:03:59,860 - INFO -     ⬆️  Uploaded .npy to S3 in 0.0s
2026-02-13 02:03:59,868 - INFO -     🗑️  Deleted raw .nc
2026-02-13 02:04:19,612 - INFO -     ⬇️  Downloaded NC_H09_20260103_0350_R21_FLDK.07001_06001.nc (680MB) in 19.7s
2026-02-13 02:04:19,638 - INFO -     ✂️  Cropped to (64, 64) in 0.0s → NC_H09_20260103_0350_R21_FLDK.07001_06001.npy
2026-02-13 02:04:19,759 - INFO -     ⬆️  Uploaded .npy to S3 in 0.1s
2026-02-13 02:04:19,771 - INFO -     🗑️  Deleted raw .nc
2026-02-13 02:04:39,872 - INFO -     ⬇️  Downloaded NC_H09_20260103_0420_R21_FLDK.07001_06001.nc (675MB) in 20.0s
2026-02-13 02:04:39,891 - INFO -     ✂️  Cropped to (64, 64) in 0.0s → NC_H09_20260103_0420_R21_FLDK.07001_06001.npy
2026-02-13 02:04:39,965 - INFO -     ⬆️  Uploaded .npy to S3 in 0.1s
2026-02-13 02:04:39,973 - INFO -     🗑️  Deleted raw .nc
2026-02-13 02:04:54,901 - INFO -     ⬇️  Downloaded NC_H09_20260103_0640_R21_FLDK.07001_06001.nc (621MB) in 14.8s
2026-02-13 02:04:54,919 - INFO -     ✂️  Cropped to (64, 64) in 0.0s → NC_H09_20260103_0640_R21_FLDK.07001_06001.npy
2026-02-13 02:04:54,973 - INFO -     ⬆️  Uploaded .npy to S3 in 0.1s
2026-02-13 02:04:54,981 - INFO -     🗑️  Deleted raw .nc
2026-02-13 02:05:06,680 - INFO -     ⬇️  Downloaded NC_H09_20260103_1540_R21_FLDK.07001_06001.nc (453MB) in 11.6s
2026-02-13 02:05:06,700 - INFO -     ✂️  Cropped to (64, 64) in 0.0s → NC_H09_20260103_1540_R21_FLDK.07001_06001.npy
2026-02-13 02:05:06,784 - INFO -     ⬆️  Uploaded .npy to S3 in 0.1s
2026-02-13 02:05:06,790 - INFO -     🗑️  Deleted raw .nc
2026-02-13 02:05:17,271 - INFO -     ⬇️  Downloaded NC_H09_20260103_1600_R21_FLDK.06001_06001.nc (402MB) in 10.4s
2026-02-13 02:05:17,293 - INFO -     ✂️  Cropped to (64, 64) in 0.0s → NC_H09_20260103_1600_R21_FLDK.06001_06001.npy
2026-02-13 02:05:17,360 - INFO -     ⬆️  Uploaded .npy to S3 in 0.1s
2026-02-13 02:05:17,366 - INFO -     🗑️  Deleted raw .nc
2026-02-13 02:05:17,366 - INFO -   2026-01-03: processed=6, skipped=0, time=94.0s
2026-02-13 02:05:17,366 - INFO - 
[47/48] Processing 2026-01-05 (12 slots, 86.2mm)
2026-02-13 02:05:29,559 - INFO -     ⬇️  Downloaded NC_H09_20260105_1740_R21_FLDK.07001_06001.nc (495MB) in 12.1s
2026-02-13 02:05:29,577 - INFO -     ✂️  Cropped to (64, 64) in 0.0s → NC_H09_20260105_1740_R21_FLDK.07001_06001.npy
2026-02-13 02:05:29,705 - INFO -     ⬆️  Uploaded .npy to S3 in 0.1s
2026-02-13 02:05:29,715 - INFO -     🗑️  Deleted raw .nc
2026-02-13 02:05:47,407 - INFO -     ⬇️  Downloaded NC_H09_20260105_1750_R21_FLDK.07001_06001.nc (499MB) in 17.6s
2026-02-13 02:05:47,433 - INFO -     ✂️  Cropped to (64, 64) in 0.0s → NC_H09_20260105_1750_R21_FLDK.07001_06001.npy
2026-02-13 02:05:47,479 - INFO -     ⬆️  Uploaded .npy to S3 in 0.0s
2026-02-13 02:05:47,489 - INFO -     🗑️  Deleted raw .nc
2026-02-13 02:05:59,737 - INFO -     ⬇️  Downloaded NC_H09_20260105_1800_R21_FLDK.07001_06001.nc (503MB) in 12.2s
2026-02-13 02:05:59,755 - INFO -     ✂️  Cropped to (64, 64) in 0.0s → NC_H09_20260105_1800_R21_FLDK.07001_06001.npy
2026-02-13 02:05:59,861 - INFO -     ⬆️  Uploaded .npy to S3 in 0.1s
2026-02-13 02:05:59,869 - INFO -     🗑️  Deleted raw .nc
2026-02-13 02:06:13,586 - INFO -     ⬇️  Downloaded NC_H09_20260105_1810_R21_FLDK.07001_06001.nc (507MB) in 13.6s
2026-02-13 02:06:13,624 - INFO -     ✂️  Cropped to (64, 64) in 0.0s → NC_H09_20260105_1810_R21_FLDK.07001_06001.npy
2026-02-13 02:06:13,677 - INFO -     ⬆️  Uploaded .npy to S3 in 0.1s
2026-02-13 02:06:13,684 - INFO -     🗑️  Deleted raw .nc
2026-02-13 02:06:26,560 - INFO -     ⬇️  Downloaded NC_H09_20260105_1820_R21_FLDK.07001_06001.nc (511MB) in 12.8s
2026-02-13 02:06:26,579 - INFO -     ✂️  Cropped to (64, 64) in 0.0s → NC_H09_20260105_1820_R21_FLDK.07001_06001.npy
2026-02-13 02:06:26,625 - INFO -     ⬆️  Uploaded .npy to S3 in 0.0s
2026-02-13 02:06:26,632 - INFO -     🗑️  Deleted raw .nc
2026-02-13 02:06:40,473 - INFO -     ⬇️  Downloaded NC_H09_20260105_1830_R21_FLDK.07001_06001.nc (515MB) in 13.8s
2026-02-13 02:06:40,509 - INFO -     ✂️  Cropped to (64, 64) in 0.0s → NC_H09_20260105_1830_R21_FLDK.07001_06001.npy
2026-02-13 02:06:40,563 - INFO -     ⬆️  Uploaded .npy to S3 in 0.1s
2026-02-13 02:06:40,573 - INFO -     🗑️  Deleted raw .nc
2026-02-13 02:06:57,183 - INFO -     ⬇️  Downloaded NC_H09_20260105_1840_R21_FLDK.07001_06001.nc (519MB) in 16.5s
2026-02-13 02:06:57,201 - INFO -     ✂️  Cropped to (64, 64) in 0.0s → NC_H09_20260105_1840_R21_FLDK.07001_06001.npy
2026-02-13 02:06:57,253 - INFO -     ⬆️  Uploaded .npy to S3 in 0.1s
2026-02-13 02:06:57,270 - INFO -     🗑️  Deleted raw .nc
2026-02-13 02:07:12,500 - INFO -     ⬇️  Downloaded NC_H09_20260105_1850_R21_FLDK.07001_06001.nc (523MB) in 15.1s
2026-02-13 02:07:12,538 - INFO -     ✂️  Cropped to (64, 64) in 0.0s → NC_H09_20260105_1850_R21_FLDK.07001_06001.npy
2026-02-13 02:07:12,588 - INFO -     ⬆️  Uploaded .npy to S3 in 0.1s
2026-02-13 02:07:12,599 - INFO -     🗑️  Deleted raw .nc
2026-02-13 02:07:26,329 - INFO -     ⬇️  Downloaded NC_H09_20260105_1900_R21_FLDK.07001_06001.nc (526MB) in 13.6s
2026-02-13 02:07:26,346 - INFO -     ✂️  Cropped to (64, 64) in 0.0s → NC_H09_20260105_1900_R21_FLDK.07001_06001.npy
2026-02-13 02:07:26,396 - INFO -     ⬆️  Uploaded .npy to S3 in 0.1s
2026-02-13 02:07:26,403 - INFO -     🗑️  Deleted raw .nc
2026-02-13 02:07:40,076 - INFO -     ⬇️  Downloaded NC_H09_20260105_1910_R21_FLDK.07001_06001.nc (529MB) in 13.6s
2026-02-13 02:07:40,093 - INFO -     ✂️  Cropped to (64, 64) in 0.0s → NC_H09_20260105_1910_R21_FLDK.07001_06001.npy
2026-02-13 02:07:40,166 - INFO -     ⬆️  Uploaded .npy to S3 in 0.1s
2026-02-13 02:07:40,203 - INFO -     🗑️  Deleted raw .nc
2026-02-13 02:07:55,897 - INFO -     ⬇️  Downloaded NC_H09_20260105_1920_R21_FLDK.07001_06001.nc (533MB) in 15.6s
2026-02-13 02:07:55,915 - INFO -     ✂️  Cropped to (64, 64) in 0.0s → NC_H09_20260105_1920_R21_FLDK.07001_06001.npy
2026-02-13 02:07:55,965 - INFO -     ⬆️  Uploaded .npy to S3 in 0.1s
2026-02-13 02:07:55,971 - INFO -     🗑️  Deleted raw .nc
2026-02-13 02:08:12,109 - INFO -     ⬇️  Downloaded NC_H09_20260105_1930_R21_FLDK.07001_06001.nc (536MB) in 16.0s
2026-02-13 02:08:12,140 - INFO -     ✂️  Cropped to (64, 64) in 0.0s → NC_H09_20260105_1930_R21_FLDK.07001_06001.npy
2026-02-13 02:08:12,188 - INFO -     ⬆️  Uploaded .npy to S3 in 0.0s
2026-02-13 02:08:12,197 - INFO -     🗑️  Deleted raw .nc
2026-02-13 02:08:12,197 - INFO -   2026-01-05: processed=12, skipped=0, time=174.8s
2026-02-13 02:08:12,197 - INFO - 
[48/48] Processing 2026-02-08 (1 slots, 0.2mm)
2026-02-13 02:08:12,252 - INFO -   2026-02-08: processed=0, skipped=0, time=0.1s
2026-02-13 02:08:12,252 - INFO - 
============================================================
2026-02-13 02:08:12,252 - INFO - COMPLETE: 48 days, 750 new .npy files
2026-02-13 02:08:12,252 - INFO - Total time: 16264s (271.1min)
2026-02-13 02:08:12,252 - INFO - ============================================================
